symbol,pnl,exit_reason,bars_held,entry_time,exit_time,entry_price,exit_price
GOLD,248.51458596159478,TARGET,1,2013-07-11 12:20:00,2013-07-11 12:31:00,1281.3077406376892,1288.0922882992493
GOLD,-425.80722545643624,STOP,8,2013-07-11 13:06:00,2013-07-11 15:02:00,1281.4503819752654,1276.7744953523277
GOLD,-561.0101649415054,STOP_SAME_15M,0,2013-07-16 15:48:00,2013-07-16 15:49:00,1288.3365197936405,1284.970398225172
GOLD,186.9320624971828,TARGET,1,2013-07-18 14:24:00,2013-07-18 14:38:00,1280.5085193857217,1285.688399393079
GOLD,-595.6408574285697,STOP_SAME_15M,0,2013-07-24 12:20:00,2013-07-24 12:20:00,1340.2679690459402,1337.0635166521456
GOLD,-461.7364338595391,STOP,12,2013-07-29 14:01:00,2013-07-30 00:00:00,1329.89429643672,1326.0893322404436
GOLD,-490.13035962333186,STOP,4,2013-08-09 06:00:00,2013-08-09 09:17:00,1307.7957611987972,1304.4498942575162
GOLD,131.59267943641038,TARGET,1,2013-08-12 08:07:00,2013-08-12 10:53:00,1327.5307713845027,1332.0878266427612
GOLD,-477.65785307046644,STOP,1,2013-08-14 12:53:00,2013-08-14 13:06:00,1322.3309199729224,1319.0028680433059
GOLD,-533.9431065805537,STOP,2,2013-08-15 11:09:00,2013-08-15 12:30:00,1337.4743058335368,1334.5565551507038
GOLD,158.06578369421737,TARGET,7,2013-08-16 13:50:00,2013-08-16 18:15:00,1362.9413995293278,1369.1908883092551
GOLD,-440.4553967174668,STOP,1,2013-08-21 01:19:00,2013-08-21 05:36:00,1370.7621480070518,1367.4070271114604
GOLD,120.3766842456743,TARGET,3,2013-08-22 17:28:00,2013-08-23 04:51:00,1371.053304511973,1376.017162635675
GOLD,202.90872654503087,TARGET,10,2013-08-27 18:08:00,2013-08-28 06:22:00,1415.4155904917295,1426.3269155024361
GOLD,-359.43982127963034,STOP_SAME_15M,0,2013-08-28 13:19:00,2013-08-28 13:21:00,1423.9337739681298,1419.7519663480016
GOLD,-304.22847969787654,STOP,1,2013-08-28 14:01:00,2013-08-28 14:39:00,1422.1695256814749,1417.396311566942
SILVER,-296.52922691046774,STOP,2,2013-09-03 18:29:00,2013-09-04 05:00:00,24.361774133003543,24.28208640307709
SILVER,168.05265554788204,TARGET,4,2013-09-11 12:44:00,2013-09-11 13:58:00,23.043521237300993,23.19196688261992
GOLD,-380.013031917249,STOP,16,2013-09-11 14:30:00,2013-09-12 03:09:00,1361.3698213667103,1358.0017000518792
GOLD,-277.7327840584586,STOP,1,2013-09-19 13:58:00,2013-09-19 14:00:00,1364.4017522716972,1360.0310387575519
SILVER,-195.53852660069742,STOP,8,2013-09-19 17:59:00,2013-09-19 19:56:00,23.156587608583475,23.04019578050921
GOLD,-372.6771250733776,STOP_SAME_15M,0,2013-09-25 12:33:00,2013-09-25 12:34:00,1321.8885718141735,1318.945006258137
GOLD,70.06511686658594,TARGET,6,2013-09-25 12:57:00,2013-09-25 14:25:00,1321.1320886888836,1325.1863592294467
GOLD,101.18145355249334,TARGET,1,2013-09-27 18:11:00,2013-09-30 00:37:00,1336.0088707943194,1341.3066336561467
GOLD,67.11267286641545,TARGET_SAME_15M,0,2013-10-04 12:20:00,2013-10-04 12:21:00,1315.5789273188648,1319.4638155308396
GOLD,72.5860457992565,TARGET,5,2013-10-07 18:52:00,2013-10-08 00:59:00,1321.7632150663387,1325.7962809045293
SILVER,141.5657408881167,TARGET,3,2013-10-08 01:00:00,2013-10-08 02:02:00,22.25181681176259,22.383454470675936
GOLD,-238.60923381320515,STOP,3,2013-10-14 15:12:00,2013-10-14 15:57:00,1281.1185572295458,1276.5641417327288
GOLD,-272.3880320525677,STOP,1,2013-10-16 11:47:00,2013-10-16 12:11:00,1279.575231081875,1275.8880941297027
SILVER,104.24366203975819,TARGET,24,2013-10-23 13:12:00,2013-10-24 02:51:00,22.596441676025,22.6913334726024
SILVER,110.15502409756071,TARGET,9,2013-10-24 12:47:00,2013-10-24 15:29:00,22.69580952992991,22.79493357772215
GOLD,85.87469902095691,TARGET,10,2013-10-28 11:24:00,2013-10-28 14:02:00,1349.7082283753848,1354.313749263038
GOLD,-257.42256316022804,STOP,12,2013-10-28 20:27:00,2013-10-29 07:42:00,1352.5868644423763,1348.4144432077053
GOLD,-290.33321014596646,STOP,1,2013-10-30 17:51:00,2013-10-30 18:00:00,1351.7135537068464,1348.217999564076
GOLD,-316.8653240526311,STOP,16,2013-11-06 16:14:00,2013-11-07 08:40:00,1316.3427419271584,1313.3452812474306
GOLD,-263.0224307248809,STOP,3,2013-11-12 15:25:00,2013-11-12 16:00:00,1279.553138807081,1276.3341683738513
GOLD,-235.5627010976645,STOP,3,2013-11-13 14:29:00,2013-11-13 15:12:00,1273.6626185500793,1270.309009270522
GOLD,-221.12446604620462,STOP,10,2013-11-13 15:31:00,2013-11-13 18:04:00,1272.9750298451165,1269.6073219710297
GOLD,49.2022126583189,TARGET,1,2013-11-14 13:17:00,2013-11-14 13:30:00,1281.2578481931666,1285.1015754162108
SILVER,-181.43934520800497,STOP,1,2013-11-14 13:30:00,2013-11-14 13:48:00,20.71864568928945,20.65423908284876
SILVER,76.5128539009174,TARGET,3,2013-11-14 14:38:00,2013-11-14 15:21:00,20.702076339610215,20.79148981324739
GOLD,-184.92451190642228,STOP,2,2013-11-14 18:26:00,2013-11-14 19:06:00,1285.8938316988663,1282.103434209385
GOLD,35.61760029970444,TARGET,2,2013-11-15 00:55:00,2013-11-15 02:01:00,1285.7790386298807,1289.2461510539995
GOLD,-216.8815965898072,STOP,19,2013-11-19 15:47:00,2013-11-20 07:43:00,1273.7515426645648,1270.6636483146651
GOLD,-221.8251613314598,STOP,1,2013-11-22 10:40:00,2013-11-22 11:13:00,1242.4773072451346,1239.6734273383815
GOLD,-195.16064138005916,STOP,2,2013-11-22 20:55:00,2013-11-25 00:30:00,1243.3902128372174,1240.4484394591796
GOLD,-163.04240603701902,STOP,1,2013-11-27 13:49:00,2013-11-27 14:42:00,1249.1773501288644,1245.9051148952494
GOLD,-135.70562175231322,STOP,4,2013-11-29 17:20:00,2013-12-01 23:00:00,1249.7888139782017,1246.0684857087458
GOLD,-139.7906499425602,STOP,1,2013-12-01 23:00:00,2013-12-02 01:19:00,1249.7561858386562,1246.3400216219486
GOLD,-135.13930855727915,STOP,1,2013-12-03 13:47:00,2013-12-03 14:06:00,1221.2141715928803,1217.948519149936
GOLD,-117.33752484962041,STOP,2,2013-12-03 14:44:00,2013-12-03 15:00:00,1220.2798747747443,1216.7239904745695
GOLD,-130.14183468285034,STOP_SAME_15M,0,2013-12-06 13:21:00,2013-12-06 13:29:00,1227.7664412870024,1224.69824988929
GOLD,40.31781036131777,TARGET_SAME_15M,0,2013-12-06 13:41:00,2013-12-06 13:42:00,1227.7736275222458,1232.6339352471794
GOLD,-85.65091732454114,STOP,2,2013-12-06 18:16:00,2013-12-06 19:18:00,1229.5069717569634,1224.8001090691323
GOLD,-134.36971049998934,STOP,2,2013-12-18 15:14:00,2013-12-18 15:34:00,1231.4784095387874,1228.6888765699723
GOLD,-73.71748621348803,STOP,2,2013-12-18 19:52:00,2013-12-18 20:27:00,1231.2806854265584,1226.2926705971745
GOLD,24.822813486425638,TARGET,5,2013-12-20 10:39:00,2013-12-20 12:21:00,1193.765672283457,1197.4280797904808
GOLD,-103.93716312586976,STOP,1,2013-12-20 12:50:00,2013-12-20 13:06:00,1193.9531096005874,1190.8451567579518
GOLD,-97.50133829743783,STOP_SAME_15M,0,2013-12-20 13:01:00,2013-12-20 13:08:00,1193.8359104531746,1190.7138847963383
SILVER,41.57193519345392,TARGET,5,2013-12-23 10:46:00,2013-12-23 12:50:00,19.348276210491868,19.457594439845902
GOLD,41.51292379062783,TARGET,1,2013-12-26 18:39:00,2013-12-26 18:56:00,1210.9792251583572,1217.5057126360457
GOLD,-107.01263652140923,STOP,5,2014-01-03 11:30:00,2014-01-03 13:03:00,1230.8931955671721,1227.954944826686
GOLD,19.378959507078747,TARGET,3,2014-01-03 20:08:00,2014-01-05 23:12:00,1234.8592628147726,1238.419018950122
GOLD,-96.30015135787593,STOP,3,2014-01-06 11:08:00,2014-01-06 11:52:00,1237.271920505839,1234.1800972699784
GOLD,20.497761103860764,TARGET,1,2014-01-06 11:52:00,2014-01-06 12:00:00,1236.864640571747,1240.6142657148946
GOLD,21.02467699536042,TARGET_SAME_15M,0,2014-01-06 12:00:00,2014-01-06 12:00:00,1236.6315520808062,1240.4036959667962
GOLD,-78.8786179957792,STOP_SAME_15M,0,2014-01-06 15:14:00,2014-01-06 15:14:00,1238.1797801231214,1234.5379099633935
GOLD,-58.4508899953405,STOP_SAME_15M,0,2014-01-06 15:16:00,2014-01-06 15:19:00,1238.0924026840087,1233.0922844207003
GOLD,-91.45797036957872,STOP,1,2014-01-09 13:51:00,2014-01-09 14:10:00,1226.6614779244776,1223.7902043041634
GOLD,-83.21951540592471,STOP,7,2014-01-09 14:45:00,2014-01-09 16:34:00,1225.900518779687,1222.9637462139797
GOLD,5.34466104812131,TARGET,6,2014-01-16 18:16:00,2014-01-17 06:17:00,1240.2369410426063,1243.0201158477391
GOLD,-96.31003126466814,STOP,9,2014-01-22 15:52:00,2014-01-22 18:16:00,1239.9315325534333,1237.3967849837873
GOLD,-70.81769167520112,STOP,3,2014-01-24 00:38:00,2014-01-24 03:05:00,1261.3247773719006,1258.2499666441793
GOLD,-76.11675234295711,STOP,2,2014-01-27 10:25:00,2014-01-27 11:38:00,1269.0328366317806,1266.2621951387694
GOLD,14.863527065345881,TARGET,5,2014-01-29 17:37:00,2014-01-29 18:56:00,1262.0047947423113,1266.022855621996
GOLD,-59.550384041937406,STOP_SAME_15M,0,2014-01-29 19:00:00,2014-01-29 19:00:00,1262.0782918647299,1258.8570911282964
GOLD,18.01851834461014,TARGET,3,2014-01-29 19:25:00,2014-01-29 20:10:00,1261.9958340775886,1266.7718927809728
GOLD,-55.16103397084802,STOP,1,2014-01-30 01:51:00,2014-01-30 03:08:00,1264.8860721031683,1261.5500376758866
GOLD,-40.846756034018874,STOP,15,2014-02-03 20:00:00,2014-02-04 09:41:00,1256.5155035938199,1252.1769468469183
SILVER,-41.07928366793232,STOP,2,2014-02-04 13:20:00,2014-02-04 13:50:00,19.344452608934535,19.281784784465682
SILVER,-34.405187467781715,STOP,2,2014-02-06 14:23:00,2014-02-06 14:53:00,19.994585486531843,19.9177633127149
GOLD,0.3024047590754648,TARGET_SAME_15M,0,2014-02-07 13:30:00,2014-02-07 13:31:00,1260.516195698357,1263.0637342456278
GOLD,-46.52577806505989,STOP_SAME_15M,0,2014-02-07 13:49:00,2014-02-07 13:50:00,1260.4870780815459,1257.2335052743206
GOLD,13.492466168675925,TARGET,3,2014-02-07 14:45:00,2014-02-07 15:34:00,1259.474221460556,1264.0227655384806
GOLD,11.4241933854502,TARGET,12,2014-02-11 08:29:00,2014-02-11 12:52:00,1282.2860796330046,1286.3656737161184
GOLD,-50.90027986796147,STOP,1,2014-02-12 19:43:00,2014-02-12 19:49:00,1292.121896060138,1289.1123984256058
GOLD,-48.649247093605325,STOP_SAME_15M,0,2014-02-12 20:31:00,2014-02-12 20:40:00,1291.866802146563,1288.9113416706439
GOLD,-51.92514092453407,STOP_SAME_15M,0,2014-02-19 19:00:00,2014-02-19 19:01:00,1319.0223121298857,1316.2935257268646
SILVER,16.26215979596917,TARGET,1,2014-02-24 21:02:00,2014-02-24 21:36:00,22.028776156470048,22.152954410435548
GOLD,4.644699374350871,TARGET,2,2014-02-27 14:37:00,2014-02-27 15:14:00,1330.4722959057951,1333.7188247872214
GOLD,5.813206719026638,TARGET,1,2014-03-03 12:46:00,2014-03-03 13:12:00,1343.4588036741072,1346.920877649357
GOLD,-42.319570454419576,STOP,4,2014-03-04 01:04:00,2014-03-04 06:06:00,1349.8822455153977,1346.7095545626873
GOLD,1.2448583122244106,TARGET,1,2014-03-05 14:57:00,2014-03-05 15:03:00,1335.1677177441686,1337.9832309085587
GOLD,6.975550010672562,TARGET,13,2014-03-12 08:24:00,2014-03-12 11:52:00,1356.14060663469,1359.9274404040832
GOLD,-34.83515482399643,STOP,1,2014-03-17 01:16:00,2014-03-17 01:34:00,1383.9362089404117,1380.241807243186
GOLD,-34.105135497858754,STOP,3,2014-03-21 14:45:00,2014-03-21 16:35:00,1336.6379420609771,1333.191162982262
SILVER,-26.963336659213276,STOP,1,2014-03-25 11:54:00,2014-03-25 12:00:00,20.096118090345993,20.03398093004145
GOLD,-26.352454738036556,STOP,2,2014-03-28 15:30:00,2014-03-28 16:03:00,1292.3558106756727,1288.4794296057373
GOLD,9.914670484651449,TARGET,9,2014-03-28 16:17:00,2014-03-30 22:21:00,1291.9273456758522,1297.0468633818737
SILVER,-25.129691302670786,STOP,2,2014-03-31 12:20:00,2014-03-31 12:55:00,19.89774891683371,19.836994324361886
GOLD,-36.40278561896915,STOP_SAME_15M,0,2014-04-01 14:00:00,2014-04-01 14:12:00,1284.6167756163425,1281.9302201516723
SILVER,-22.30334559749113,STOP,2,2014-04-02 18:43:00,2014-04-02 19:15:00,19.99608614906364,19.93563978511641
SILVER,7.715185497984244,TARGET_SAME_15M,0,2014-04-04 12:30:00,2014-04-04 12:31:00,19.911229931524144,19.983917595828295
SILVER,-22.74296091517292,STOP,1,2014-04-08 13:32:00,2014-04-08 14:10:00,20.073469796684343,20.016149223607453
SILVER,-21.32912892186612,STOP_SAME_15M,0,2014-04-08 14:00:00,2014-04-08 14:10:00,20.07023263451074,20.01228015376003
GOLD,-29.622663737937653,STOP,3,2014-04-08 14:52:00,2014-04-08 15:33:00,1309.5540929211286,1306.837452144382
GOLD,-26.850460373034515,STOP_SAME_15M,0,2014-04-10 12:33:00,2014-04-10 12:35:00,1320.9390977246026,1318.160599404695
SILVER,-13.698478046146509,STOP,12,2014-04-10 13:06:00,2014-04-10 16:14:00,20.180139884157224,20.102288218631653
GOLD,-22.358825746882296,STOP,8,2014-04-10 17:23:00,2014-04-10 20:16:00,1319.2998147444262,1316.3896687656613
SILVER,-14.821686257805993,STOP,3,2014-04-14 07:14:00,2014-04-14 07:54:00,20.03160217599933,19.971114692140613
GOLD,3.0084171031263693,TARGET,1,2014-04-16 12:21:00,2014-04-16 12:35:00,1300.680248288389,1304.2242743599784
SILVER,-14.766478886610479,STOP_SAME_15M,0,2014-04-22 01:01:00,2014-04-22 01:07:00,19.381659090193722,19.32543342219734
GOLD,-13.31268821474007,STOP,11,2014-04-30 19:59:00,2014-05-01 01:49:00,1290.9755582157754,1287.0145212692778
GOLD,-15.638708721100556,STOP_SAME_15M,0,2014-05-02 13:34:00,2014-05-02 13:40:00,1283.9488035087822,1280.764214148495
SILVER,5.925833710101915,TARGET,1,2014-05-02 14:01:00,2014-05-02 14:17:00,19.10738783462969,19.20546492568923
GOLD,-18.039428591882952,STOP,4,2014-05-05 14:14:00,2014-05-05 15:06:00,1311.7109198548453,1308.9013949502546
GOLD,0.914539583134311,TARGET,8,2014-05-14 16:18:00,2014-05-14 19:38:00,1303.8564048517117,1306.753781783307
GOLD,-17.698167463551925,STOP,3,2014-05-19 13:40:00,2014-05-19 14:15:00,1300.4460786792347,1297.7628494438766
GOLD,-16.379052370659615,STOP_SAME_15M,0,2014-05-22 15:01:00,2014-05-22 15:09:00,1297.422433070575,1294.7490296127462
GOLD,-13.099967028323945,STOP,2,2014-05-28 13:58:00,2014-05-28 14:16:00,1263.8569260777176,1260.9558205534088
GOLD,-12.319687575418387,STOP,1,2014-05-29 20:25:00,2014-05-29 21:07:00,1255.0235608349171,1252.1591419453525
GOLD,1.4356533752611935,TARGET,24,2014-06-03 15:54:00,2014-06-04 12:15:00,1244.0506011357816,1247.1967539653035
GOLD,0.8182612248291021,TARGET,8,2014-06-06 10:01:00,2014-06-06 12:29:00,1253.3637589726327,1256.2079917745136
GOLD,0.868880267541865,TARGET_SAME_15M,0,2014-06-06 12:32:00,2014-06-06 12:34:00,1252.8987365919866,1255.7636726533392
SILVER,-8.480764422880293,STOP,1,2014-06-06 13:27:00,2014-06-06 13:34:00,19.049341034187854,18.990031212511962
GOLD,-12.96480828076573,STOP_SAME_15M,0,2014-06-18 18:00:00,2014-06-18 18:05:00,1271.1580542934316,1268.565551226027
GOLD,-6.640578355090091,STOP,2,2014-06-20 01:35:00,2014-06-20 02:41:00,1314.8558319676026,1310.135193280136
SILVER,4.061410716521562,TARGET_SAME_15M,0,2014-06-20 12:15:00,2014-06-20 12:16:00,20.674215766325744,20.807413578933552
SILVER,-6.2388937936856514,STOP,4,2014-06-23 07:57:00,2014-06-23 11:00:00,20.819973657017165,20.74035090526845
GOLD,-10.386202483460593,STOP,2,2014-06-24 13:30:00,2014-06-24 14:00:00,1321.8400052030904,1318.98112671975
SILVER,-5.199683291534971,STOP,17,2014-06-24 14:25:00,2014-06-24 19:38:00,21.013563120268028,20.924804540809706
SILVER,-5.246834307483931,STOP,1,2014-06-27 10:14:00,2014-06-27 10:52:00,21.09620384305542,21.0134308325481
GOLD,-7.954842631090487,STOP_SAME_15M,0,2014-07-01 15:21:00,2014-07-01 15:22:00,1327.4305511136083,1324.2938034798694
GOLD,-8.217489998414983,STOP,8,2014-07-09 14:24:00,2014-07-09 16:51:00,1324.2054187273684,1321.312504084259
GOLD,-6.115223794801954,STOP,4,2014-07-10 14:09:00,2014-07-10 15:22:00,1339.6576544387995,1336.119864763865
GOLD,-6.537735031127124,STOP_SAME_15M,0,2014-07-15 14:25:00,2014-07-15 14:27:00,1309.447442094013,1306.3561800669083
GOLD,1.007817170945441,TARGET,3,2014-07-17 14:00:00,2014-07-17 15:16:00,1303.4147023411724,1306.9589438055773
GOLD,-7.2861559695160905,STOP,1,2014-07-21 22:00:00,2014-07-22 00:00:00,1312.9858989710394,1310.2538891857664
GOLD,-6.39347965196378,STOP_SAME_15M,0,2014-07-23 13:02:00,2014-07-23 13:05:00,1307.7429956010578,1304.916653688073
GOLD,1.1238744373137857,TARGET,2,2014-07-25 14:20:00,2014-07-25 15:02:00,1293.7783679361692,1297.697234359205
GOLD,-5.250615784342671,STOP_SAME_15M,0,2014-07-28 13:00:00,2014-07-28 13:11:00,1303.9206431144007,1300.7779989676499
GOLD,-3.710582103171099,STOP_SAME_15M,0,2014-07-29 13:40:00,2014-07-29 13:41:00,1308.2006865291414,1304.0014913730063
SILVER,-3.5639244202230556,STOP,5,2014-08-07 10:31:00,2014-08-07 11:50:00,20.033865685091868,19.970159695276966
GOLD,-5.208854372545915,STOP_SAME_15M,0,2014-08-12 17:01:00,2014-08-12 17:01:00,1314.6356921525714,1311.8302971561018
SILVER,-3.8536626937959384,STOP,1,2014-08-19 12:30:00,2014-08-19 12:59:00,19.655168014051405,19.604624707451375
GOLD,-4.270809639502957,STOP,1,2014-08-25 03:36:00,2014-08-25 06:59:00,1279.4799255378437,1276.6160135900366
GOLD,-3.2491072167244024,STOP,1,2014-08-26 15:23:00,2014-08-26 15:40:00,1285.5758184527847,1282.141591978379
SILVER,-2.004605286116117,STOP,1,2014-08-26 17:12:00,2014-08-26 17:17:00,19.4730207456116,19.382870944720096
GOLD,0.08882219735633168,TARGET,3,2014-08-27 19:34:00,2014-08-28 02:03:00,1283.3384715099655,1286.0202702648785
SILVER,-2.5465462802005967,STOP_SAME_15M,0,2014-08-28 13:00:00,2014-08-28 13:08:00,19.75988161111581,19.697898487424123
GOLD,-3.1030833312100494,STOP,24,2014-08-28 15:16:00,2014-08-29 05:08:00,1290.6680594758552,1287.5130265596968
GOLD,-3.719373086307444,STOP_SAME_15M,0,2014-09-04 12:05:00,2014-09-04 12:07:00,1271.2637787055046,1268.690510635333
GOLD,0.3525821765362992,TARGET_SAME_15M,0,2014-09-05 12:30:00,2014-09-05 12:30:00,1263.8576580183535,1267.0283545207822
GOLD,0.5719115767990958,TARGET,6,2014-09-05 16:53:00,2014-09-05 20:00:00,1265.69792857449,1269.4520027260642
GOLD,-2.88448230525409,STOP,7,2014-09-09 13:46:00,2014-09-09 15:48:00,1255.0285152979616,1252.091314192676
GOLD,-3.2367025229590807,STOP,2,2014-09-10 08:14:00,2014-09-10 08:32:00,1255.9940744669368,1253.4318958412875
GOLD,-2.892739908216276,STOP_SAME_15M,0,2014-09-15 12:37:00,2014-09-15 12:39:00,1234.876420063374,1232.3011859955175
GOLD,-2.5002227287055296,STOP,2,2014-09-15 13:43:00,2014-09-15 14:08:00,1234.5311916823823,1231.825594275587
SILVER,0.8579941530475439,TARGET,4,2014-09-22 14:36:00,2014-09-22 15:39:00,17.654060708318664,17.754705092952328
GOLD,0.35173622794994397,TARGET,1,2014-09-22 15:36:00,2014-09-22 15:50:00,1213.5728856347469,1216.8528433138565
GOLD,-1.9796322314005712,STOP,1,2014-09-26 13:49:00,2014-09-26 14:03:00,1216.171781233192,1213.0252752811812
GOLD,0.564856876900722,TARGET,12,2014-09-26 15:03:00,2014-09-26 21:14:00,1215.4152096970226,1219.739688570237
GOLD,-2.3872007560999697,STOP,3,2014-09-29 13:17:00,2014-09-29 14:00:00,1220.0218191544132,1217.4127064192166
GOLD,-2.258006414786741,STOP_SAME_15M,0,2014-09-29 14:03:00,2014-09-29 14:11:00,1219.7754413272219,1217.2039799367533
GOLD,-1.8806242493604175,STOP,4,2014-10-08 12:42:00,2014-10-08 14:11:00,1216.351110930138,1213.5717065035883
GOLD,-1.4981691941734168,STOP_SAME_15M,0,2014-10-09 15:01:00,2014-10-09 15:11:00,1226.942184773538,1223.7213342662394
GOLD,-1.9642294437987133,STOP,3,2014-10-13 13:11:00,2014-10-13 13:52:00,1228.1718655909424,1225.6972314303853
GOLD,0.07789018258840341,TARGET,2,2014-10-13 13:53:00,2014-10-13 14:37:00,1227.9727093756044,1230.659845106629
GOLD,-1.6414950344209691,STOP,3,2014-10-14 13:48:00,2014-10-14 15:13:00,1233.7066975938549,1231.0370356601918
GOLD,-1.333217290795426,STOP,10,2014-10-21 15:36:00,2014-10-21 19:09:00,1250.8187021452216,1247.8055346009041
GOLD,0.1798806921164462,TARGET_SAME_15M,0,2014-11-03 17:00:00,2014-11-03 17:00:00,1168.6261491228881,1171.6451694692644
GOLD,-1.3043401440350584,STOP,3,2014-11-04 18:55:00,2014-11-04 20:50:00,1167.5150217733603,1164.781342856166
GOLD,-1.2177553065588376,STOP_SAME_15M,0,2014-11-06 13:34:00,2014-11-06 13:36:00,1143.8053165814283,1141.1229785278877
GOLD,-1.0631740628037532,STOP,8,2014-11-06 18:44:00,2014-11-06 20:33:00,1143.2998912664648,1140.454220311918
SILVER,0.45388039621050325,TARGET,4,2014-11-09 23:37:00,2014-11-10 01:08:00,15.684339409433179,15.783821232998994
GOLD,0.27837048763599653,TARGET,2,2014-11-11 15:49:00,2014-11-11 16:25:00,1153.1900113418046,1157.0934887216306
GOLD,-0.9781401674516293,STOP,3,2014-11-12 15:45:00,2014-11-12 16:40:00,1163.6587531168234,1160.583969495386
GOLD,0.2866757202460283,TARGET,7,2014-11-13 14:59:00,2014-11-13 16:36:00,1160.4376582718517,1164.5769996943163
GOLD,-0.9134421160793794,STOP,3,2014-11-13 18:05:00,2014-11-13 18:59:00,1161.741271123109,1158.587310538399
GOLD,-1.0885170613403539,STOP,1,2014-11-14 03:18:00,2014-11-14 04:30:00,1159.3802143793826,1156.810704559768
GOLD,-0.8742187314386786,STOP,4,2014-11-17 12:50:00,2014-11-17 13:51:00,1187.02834046918,1184.0529265100968
GOLD,-0.7593256918077119,STOP,1,2014-11-17 14:15:00,2014-11-17 14:32:00,1186.2488890206298,1183.0443050106353
GOLD,-0.7585062776079831,STOP,13,2014-11-18 19:22:00,2014-11-19 02:32:00,1194.3195091689431,1191.2604104716527
GOLD,0.2780039459746955,TARGET,14,2014-11-20 15:01:00,2014-11-20 20:22:00,1189.4940007775651,1195.0091444001948
SILVER,-0.3803066953388347,STOP,1,2014-11-21 16:54:00,2014-11-21 17:01:00,16.40698225279651,16.296151546308803
SILVER,-0.3620066665000999,STOP_SAME_15M,0,2014-11-21 17:01:00,2014-11-21 17:01:00,16.39759599303706,16.281505859020857
GOLD,-0.6196092490698942,STOP,10,2014-11-24 01:06:00,2014-11-24 07:53:00,1199.8185662144638,1196.4161973683388
GOLD,-0.5967449904805323,STOP_SAME_15M,0,2014-11-25 13:30:00,2014-11-25 13:31:00,1198.4157786009891,1195.0746098806574
SILVER,-0.37209339177592166,STOP_SAME_15M,0,2014-11-25 14:14:00,2014-11-25 14:14:00,16.605384373539543,16.523600893322207
SILVER,-0.3452717068200084,STOP,8,2014-11-25 14:40:00,2014-11-25 16:37:00,16.595243173054037,16.507212323381957
GOLD,0.24617502309140477,TARGET,52,2014-11-25 17:41:00,2014-11-26 15:30:00,1196.626385936776,1203.026843228028
GOLD,-0.6635985581489855,STOP,1,2014-11-27 15:22:00,2014-11-27 15:30:00,1194.2936112364948,1191.5366742413576
GOLD,-0.3834162319515769,STOP,3,2014-12-01 23:30:00,2014-12-02 00:25:00,1207.7077406750432,1203.0051946284054
GOLD,-0.4791988017222125,STOP,8,2014-12-03 23:00:00,2014-12-04 04:15:00,1208.3427034720114,1204.9416358166418
GOLD,0.035447060569935684,TARGET,4,2014-12-08 13:10:00,2014-12-08 14:06:00,1194.3649963051676,1197.0323487678795
GOLD,-0.5585548440553623,STOP,1,2014-12-08 15:59:00,2014-12-08 16:10:00,1194.161507355931,1191.37653373229
GOLD,0.11219313050030186,TARGET,8,2014-12-08 16:39:00,2014-12-08 18:47:00,1193.6852249525648,1197.3566756046168
GOLD,0.13877666933247634,TARGET,8,2014-12-10 01:14:00,2014-12-10 04:54:00,1228.6785013299232,1232.962941528681
GOLD,0.13834412111338973,TARGET,3,2014-12-11 20:48:00,2014-12-11 21:45:00,1224.899421625081,1229.1088664521164
SILVER,-0.3832943906473437,STOP,1,2014-12-12 14:59:00,2014-12-12 15:00:00,17.099781961604172,17.042497362632396
SILVER,-0.3609221215494904,STOP_SAME_15M,0,2014-12-12 15:16:00,2014-12-12 15:18:00,17.093195542856815,17.03494044996228
GOLD,-0.45825201927517006,STOP,1,2014-12-17 14:51:00,2014-12-17 15:04:00,1197.4869289378332,1194.479708878352
GOLD,-0.3856881586108246,STOP,3,2014-12-17 15:46:00,2014-12-17 16:44:00,1196.1442877657814,1192.8015870979812
SILVER,0.22030361316821334,TARGET,3,2014-12-17 16:02:00,2014-12-17 16:57:00,15.78381855249722,15.916919699826474
SILVER,-0.2276280259234363,STOP,1,2014-12-17 19:45:00,2014-12-17 20:01:00,15.846960525193914,15.75368441113279
SILVER,0.1385525962256523,TARGET,2,2014-12-19 14:40:00,2014-12-19 15:07:00,15.910074645043972,15.974706589052392
GOLD,-0.48071568938424875,STOP,5,2014-12-19 17:01:00,2014-12-19 18:18:00,1196.8323288243,1194.170749625418
SILVER,-0.28285192968075085,STOP,1,2014-12-23 19:40:00,2014-12-23 19:54:00,15.724515574620245,15.668856950637002
GOLD,0.0783941014114531,TARGET,3,2015-01-06 11:50:00,2015-01-06 13:06:00,1209.3194863422493,1212.8582256668412
GOLD,0.09947718993079575,TARGET,4,2015-01-06 14:10:00,2015-01-06 15:01:00,1209.501151748996,1213.5087199503234
GOLD,-0.350642167253008,STOP_SAME_15M,0,2015-01-06 15:17:00,2015-01-06 15:23:00,1209.422986448461,1206.1382778849934
GOLD,-0.33501249653792997,STOP,6,2015-01-07 00:07:00,2015-01-07 04:14:00,1216.5257407109682,1213.2569107418162
SILVER,-0.26095511818160255,STOP,13,2015-01-07 20:54:00,2015-01-08 02:39:00,16.539601608206915,16.4846380321937
GOLD,0.01752308003655431,TARGET_SAME_15M,0,2015-01-09 13:30:00,2015-01-09 13:30:00,1211.0339726079033,1213.6709245207437
GOLD,0.0742940165860513,TARGET_SAME_15M,0,2015-01-09 13:45:00,2015-01-09 13:52:00,1210.6477789989851,1214.3228833161838
GOLD,0.06609754424519594,TARGET,1,2015-01-13 12:56:00,2015-01-13 13:10:00,1238.082056957618,1241.61727201324
GOLD,-0.30584865131179234,STOP,3,2015-01-13 13:48:00,2015-01-13 14:36:00,1237.8831975688229,1234.5046647846839
GOLD,-0.2913452559424638,STOP_SAME_15M,0,2015-01-13 14:31:00,2015-01-13 14:36:00,1237.7747403797257,1234.4218562500605
GOLD,-0.2672096655784613,STOP_SAME_15M,0,2015-01-14 18:27:00,2015-01-14 18:29:00,1235.9626986432218,1232.5124410749922
SILVER,-0.16041939470814343,STOP,5,2015-01-15 18:04:00,2015-01-15 19:17:00,17.06004930098234,16.96950563199278
GOLD,0.12272930296518997,TARGET,48,2015-01-15 19:08:00,2015-01-16 13:10:00,1258.114478882981,1265.2797518232596
GOLD,-0.2201321667546557,STOP,37,2015-01-18 23:18:00,2015-01-19 15:57:00,1275.9129085039133,1271.79401701631
SILVER,0.10940600913673379,TARGET,25,2015-01-19 14:36:00,2015-01-20 08:41:00,17.707936228301683,17.792893925055516
GOLD,0.09189683314670011,TARGET,2,2015-01-20 14:24:00,2015-01-20 14:49:00,1285.9578452098547,1291.1199768447673
GOLD,0.07969694440263898,TARGET,8,2015-01-20 23:12:00,2015-01-21 02:34:00,1292.1775583408887,1296.6859150079697
GOLD,0.07509990204563075,TARGET,8,2015-01-21 11:04:00,2015-01-21 13:06:00,1298.4468755109974,1302.742715471187
GOLD,-0.2581346222732473,STOP,1,2015-01-21 14:38:00,2015-01-21 14:50:00,1299.5889030856156,1295.9602649751594
GOLD,-0.22878893996985497,STOP_SAME_15M,0,2015-01-21 14:46:00,2015-01-21 14:50:00,1299.3158609294424,1295.4243283215108
GOLD,-0.2606566866802705,STOP_SAME_15M,0,2015-01-23 03:16:00,2015-01-23 03:29:00,1299.6287026313055,1296.3819955365507
GOLD,-0.21343610451747244,STOP,5,2015-01-26 03:14:00,2015-01-26 06:21:00,1294.904313763982,1291.2046043722576
GOLD,0.056761629599691804,TARGET,1,2015-01-27 13:23:00,2015-01-27 13:33:00,1279.9645333621122,1284.010908103881
GOLD,-0.22890564143405992,STOP_SAME_15M,0,2015-01-28 07:35:00,2015-01-28 07:43:00,1289.217455486677,1285.9103645212078
GOLD,-0.2799831585260095,STOP,1,2015-01-30 13:00:00,2015-01-30 13:26:00,1262.7453862590028,1260.123854907854
GOLD,-0.2002839207794876,STOP,8,2015-02-02 02:00:00,2015-02-02 08:18:00,1280.3508026289862,1277.0819032168076
GOLD,-0.2121996558835966,STOP,3,2015-02-03 11:02:00,2015-02-03 12:30:00,1280.3584939813284,1277.4074100798503
GOLD,-0.15726828448194152,STOP_SAME_15M,0,2015-02-04 16:15:00,2015-02-04 16:23:00,1265.5466147272236,1261.9340006787138
GOLD,-0.14153839248745392,STOP,2,2015-02-04 16:39:00,2015-02-04 17:20:00,1265.0681844073495,1261.2487271608486
SILVER,-0.10401689734299867,STOP,22,2015-02-04 20:52:00,2015-02-05 07:34:00,17.395035908867133,17.321062463414187
SILVER,-0.10506257177493025,STOP_SAME_15M,0,2015-02-06 13:30:00,2015-02-06 13:30:00,17.23252049824419,17.164561462235376
GOLD,-0.17577378757837395,STOP,3,2015-02-09 13:11:00,2015-02-09 13:53:00,1239.5013211420035,1236.7859424681985
GOLD,-0.17991814632879732,STOP,1,2015-02-10 08:29:00,2015-02-10 08:40:00,1242.42946051449,1239.8904803844764
GOLD,-0.1660535552677722,STOP,1,2015-02-11 14:26:00,2015-02-11 14:40:00,1234.6315243285155,1232.109078457146
GOLD,0.02769180279481023,TARGET,4,2015-02-12 12:28:00,2015-02-12 13:32:00,1222.75317367889,1226.5200543276164
GOLD,-0.11386418896319292,STOP_SAME_15M,0,2015-02-12 15:31:00,2015-02-12 15:39:00,1222.7174353248208,1219.5025639111464
GOLD,-0.11651916668273588,STOP,2,2015-02-13 18:11:00,2015-02-13 18:37:00,1228.903018424131,1225.9036864451864
GOLD,0.036533894983209095,TARGET,10,2015-02-23 17:58:00,2015-02-23 20:25:00,1199.3600570479653,1204.307181757653
SILVER,-0.06283147102933503,STOP,7,2015-02-25 14:13:00,2015-02-25 15:48:00,16.522135524518106,16.438245268401243
SILVER,0.05297812085779643,TARGET_SAME_15M,0,2015-02-25 17:17:00,2015-02-25 17:18:00,16.491251733725424,16.62739919639666
GOLD,-0.10791452341836882,STOP,1,2015-02-26 13:50:00,2015-02-26 14:00:00,1215.2510835069459,1212.2102219926571
SILVER,-0.07111683503436268,STOP,4,2015-02-27 20:48:00,2015-03-01 23:00:00,16.56463905959085,16.502938485968013
GOLD,0.026107405569406984,TARGET,13,2015-02-27 19:09:00,2015-03-02 00:41:00,1212.6688342730326,1216.6189299962202
SILVER,0.03940163944177344,TARGET,4,2015-03-01 23:00:00,2015-03-02 00:44:00,16.57241489286858,16.656859870073493
GOLD,-0.1133021076873153,STOP_SAME_15M,0,2015-03-02 13:31:00,2015-03-02 13:31:00,1216.3738505892102,1213.6099013559622
GOLD,-0.1057200569932289,STOP,2,2015-03-03 13:04:00,2015-03-03 13:44:00,1207.709540100631,1204.9656009852515
GOLD,-0.10400921114599279,STOP,2,2015-03-09 12:21:00,2015-03-09 12:45:00,1172.0358996224954,1169.4804372389337
GOLD,-0.09001951479136697,STOP,1,2015-03-09 13:00:00,2015-03-09 13:35:00,1171.652371196689,1168.9515219688249
GOLD,-0.06920116898135095,STOP,16,2015-03-10 19:59:00,2015-03-11 09:48:00,1160.1275514694203,1156.937627883915
GOLD,-0.07048162348082516,STOP,2,2015-03-12 13:08:00,2015-03-12 13:42:00,1157.0329206393997,1154.0711178939773
GOLD,-0.0848507302674991,STOP,1,2015-03-13 08:02:00,2015-03-13 09:12:00,1157.3284871121243,1154.9027372994335
GOLD,-0.06958765230095953,STOP_SAME_15M,0,2015-03-13 14:00:00,2015-03-13 14:06:00,1155.4639224675818,1152.8093214496705
