pnl,exit_reason,bars_held,entry_time,exit_time,entry_price,exit_price,r_multiple,stop_dist_atr
599.9999999999973,TARGET,92,2020-02-25 20:59:00,2020-02-26 20:50:00,1635.050460669417,1685.911661104633,2.9999999999999862,1.0000000000000056
635.9999999999998,TARGET,46,2020-03-04 07:15:00,2020-03-04 18:51:00,1633.9502817885489,1663.6760760502787,2.9999999999999996,0.9999999999999968
-224.71999999999994,STOP,8,2020-03-06 13:29:00,2020-03-06 15:23:00,1675.604239578536,1665.9005726826094,-1.0,0.9999999999999892
-220.22559999999996,STOP_SAME,0,2020-03-06 15:22:00,2020-03-06 15:23:00,1673.4138454144668,1662.1237273689537,-1.0,0.9999999999999986
-215.82108799999992,STOP,4,2020-03-09 03:16:00,2020-03-09 04:22:00,1683.0705891633174,1670.1574604959392,-1.0,1.0000000000000075
-211.50466623999995,STOP,91,2020-03-09 05:29:00,2020-03-10 05:08:00,1671.0287920184803,1656.9668044495756,-1.0,0.9999999999999946
-207.27457291519994,STOP,2,2020-03-11 14:34:00,2020-03-11 15:14:00,1655.6573775836591,1647.2728914450438,-1.0,1.0000000000000078
-203.12908145689596,STOP,8,2020-03-11 17:00:00,2020-03-11 19:01:00,1645.6084571299796,1636.2111331366616,-1.0,0.9999999999999925
-199.066499827758,STOP_SAME,0,2020-03-13 15:45:00,2020-03-13 15:45:00,1563.6853463223126,1550.6527123747906,-1.0,1.0000000000000053
-195.08516983120285,STOP,21,2020-03-17 01:07:00,2020-03-17 06:16:00,1495.640080708959,1483.2141156512462,-1.0,1.000000000000001
-191.18346643457878,STOP_SAME,0,2020-03-17 09:45:00,2020-03-17 09:46:00,1479.7585149209347,1470.7995414822376,-1.0,1.0000000000000067
-187.3597971058872,STOP,3,2020-03-17 10:00:00,2020-03-17 10:56:00,1478.1107828329032,1469.1147580661411,-1.0,0.9999999999999888
-183.61260116376943,STOP_SAME,0,2020-03-18 05:46:00,2020-03-18 05:52:00,1522.7491917720236,1514.5742501601612,-1.0,1.0000000000000095
-179.94034914049405,STOP_SAME,0,2020-03-18 06:00:00,2020-03-18 06:07:00,1521.4043812722632,1512.923186740994,-1.0,1.0000000000000129
-176.34154215768416,STOP_SAME,0,2020-03-18 06:15:00,2020-03-18 06:25:00,1519.9247522894148,1511.4626174847092,-1.0,0.9999999999999868
-172.81471131453048,STOP,1,2020-03-18 07:17:00,2020-03-18 07:40:00,1514.7960708007136,1505.6978672389382,-1.0,1.000000000000004
-169.3584170882399,STOP_SAME,0,2020-03-18 08:00:00,2020-03-18 08:00:00,1509.340859360959,1499.366937082182,-1.0,0.9999999999999989
497.9137462394253,TARGET,85,2020-03-20 13:45:00,2020-03-23 12:13:00,1491.644697363305,1530.8401323511232,3.0,1.0000000000000042
527.7885710137928,TARGET,32,2020-03-24 14:34:00,2020-03-24 23:32:00,1634.623686163763,1691.4543047719014,3.000000000000012,0.9999999999999948
-186.48529509153943,STOP,3,2020-03-25 04:39:00,2020-03-25 05:25:00,1659.9506793016144,1648.3238831980327,-1.0,0.999999999999993
-182.75558918970862,STOP,8,2020-03-25 05:47:00,2020-03-25 07:46:00,1655.9312383222234,1642.7228013830725,-1.0,1.0000000000000069
-179.10047740591446,STOP,11,2020-03-25 08:45:00,2020-03-25 11:32:00,1644.6443790455457,1628.9132398628394,-1.0,1.0000000000000033
-175.51846785779617,STOP,46,2020-03-26 19:15:00,2020-03-27 07:49:00,1638.1225350345176,1624.696958341743,-1.0,0.999999999999993
-172.00809850064027,STOP,115,2020-03-30 05:12:00,2020-03-31 10:54:00,1619.5204872105603,1593.1472028270982,-1.0,0.9999999999999958
-168.56793653062746,STOP_SAME,0,2020-04-01 12:00:00,2020-04-01 12:04:00,1600.2692912808918,1596.2611943328577,-1.0,0.9999999999999774
-165.1965778000149,STOP_SAME,0,2020-04-01 13:30:00,2020-04-01 13:30:00,1595.6564696858559,1590.687549713142,-1.0,1.0000000000000109
-161.8926462440146,STOP_SAME,0,2020-04-01 16:47:00,2020-04-01 16:47:00,1595.3304265297174,1589.8436696930828,-1.0,0.9999999999999897
475.9643799574029,TARGET,52,2020-04-01 17:01:00,2020-04-02 07:12:00,1594.1491113382444,1612.9213683226533,3.0,0.9999999999999969
504.5222427548381,TARGET_SAME,0,2020-04-02 12:15:00,2020-04-02 12:15:00,1600.4771300329621,1613.2706133155405,2.9999999999999467,1.000000000000023
-178.2645257733791,STOP,23,2020-04-03 01:00:00,2020-04-03 06:47:00,1630.8264896634605,1625.8928649185905,-1.0,0.9999999999999806
-174.69923525791154,STOP,2,2020-04-03 08:36:00,2020-04-03 09:13:00,1628.5918815485195,1624.9697542303309,-1.0,0.9999999999999863
513.6157516582693,TARGET_SAME,0,2020-04-03 12:00:00,2020-04-03 12:00:00,1627.7843748535008,1640.2950441869275,3.000000000000055,0.9999999999999759
-181.4775655859187,STOP_SAME,0,2020-04-03 19:21:00,2020-04-03 19:21:00,1638.8865684142831,1633.9629733701786,-1.0,1.0000000000000033
533.544042822601,TARGET,34,2020-04-05 22:09:00,2020-04-06 06:40:00,1641.0210400309275,1656.0297711294559,3.0,0.9999999999999923
565.5566853919464,TARGET_SAME,0,2020-04-06 07:06:00,2020-04-06 07:06:00,1641.8386441115588,1654.052421564245,2.9999999999999436,1.0000000000000278
-199.83002883849127,STOP,2,2020-04-07 06:53:00,2020-04-07 07:28:00,1707.8480671791117,1701.5172617572243,-1.0,1.0000000000000036
-195.83342826172145,STOP_SAME,0,2020-04-07 07:25:00,2020-04-07 07:28:00,1707.3523138926962,1700.6212619994428,-1.0,1.0000000000000069
-191.91675969648702,STOP,1,2020-04-07 07:30:00,2020-04-07 07:49:00,1705.8140150522725,1698.5795157536818,-1.0,0.9999999999999983
-188.07842450255728,STOP_SAME,0,2020-04-07 07:45:00,2020-04-07 07:49:00,1704.8081478034871,1697.590373469826,-1.0,0.9999999999999889
-184.31685601250615,STOP,9,2020-04-08 14:24:00,2020-04-08 16:42:00,1681.0926897279583,1676.4199328692177,-1.0,0.9999999999999802
-180.63051889225602,STOP_SAME,0,2020-04-08 16:42:00,2020-04-08 16:42:00,1681.9283893343331,1677.3974359280141,-1.0,0.9999999999999931
531.0537255432414,TARGET,40,2020-04-08 20:00:00,2020-04-09 07:10:00,1680.2198924273387,1694.0243152430985,3.0000000000000493,0.9999999999999841
-187.6389830252757,STOP_SAME,0,2020-04-09 18:11:00,2020-04-09 18:11:00,1727.1695061026137,1718.896626870194,-1.0,1.0000000000000087
-183.88620336477018,STOP,4,2020-04-13 01:40:00,2020-04-13 02:40:00,1730.6739342585279,1724.109575073096,-1.0,1.0000000000000002
-180.20847929747478,STOP,3,2020-04-13 12:38:00,2020-04-13 13:15:00,1736.9244051339767,1732.4843723331226,-1.0,1.0000000000000093
-176.60430971152527,STOP_SAME,0,2020-04-14 00:31:00,2020-04-14 00:31:00,1760.3377741076097,1755.2306535291214,-1.0,0.9999999999999957
-173.07222351729476,STOP,2,2020-04-14 08:54:00,2020-04-14 09:16:00,1765.4771442947251,1760.562271627307,-1.0,0.9999999999999982
-169.6107790469489,STOP_SAME,0,2020-04-14 09:30:00,2020-04-14 09:32:00,1763.5332374740024,1758.4657860207747,-1.0,1.0000000000000053
-166.21856346600993,STOP,6,2020-04-14 09:47:00,2020-04-14 11:17:00,1763.0138201441882,1757.899741263622,-1.0,0.9999999999999896
-162.89419219668972,STOP_SAME,0,2020-04-15 22:00:00,2020-04-15 22:00:00,1739.7783766437497,1734.6458346549605,-1.0,0.9999999999999939
478.9089250582746,TARGET,30,2020-04-15 22:47:00,2020-04-16 06:18:00,1739.2213587752008,1755.1995483381152,3.0000000000000426,0.9999999999999833
-169.21448685392141,STOP,3,2020-04-16 12:42:00,2020-04-16 13:20:00,1754.0247741809808,1749.8558938077538,-1.0,0.9999999999999947
-165.83019711684298,STOP_SAME,0,2020-04-16 13:20:00,2020-04-16 13:20:00,1751.8299102972228,1746.5308539872274,-1.0,0.9999999999999803
487.5407795235122,TARGET,49,2020-04-20 18:16:00,2020-04-21 07:30:00,1702.0149885861128,1719.9221054260006,2.999999999999962,1.0000000000000178
-172.26440876497637,STOP,1,2020-04-22 12:00:00,2020-04-22 12:19:00,1711.416468086699,1704.9316035572783,-1.0,0.9999999999999922
-168.81912058967683,STOP_SAME,0,2020-04-22 12:18:00,2020-04-22 12:19:00,1710.83059016625,1704.1599688633003,-1.0,0.9999999999999928
496.3282145336498,TARGET,4,2020-04-23 13:11:00,2020-04-23 14:04:00,1742.9529709894716,1762.3789600455852,3.0,0.9999999999999932
-175.3693024685563,STOP,1,2020-04-24 13:50:00,2020-04-24 14:02:00,1747.8786984777753,1740.7188946019983,-1.0,0.9999999999999855
-171.86191641918518,STOP,21,2020-04-29 07:55:00,2020-04-29 13:14:00,1717.31607070398,1710.435960429414,-1.0,0.9999999999999944
-168.42467809080148,STOP_SAME,0,2020-04-30 12:37:00,2020-04-30 12:42:00,1722.1492003450705,1714.3276796384587,-1.0,1.000000000000003
-165.05618452898543,STOP_SAME,0,2020-04-30 12:45:00,2020-04-30 12:45:00,1719.911574466612,1710.7861297953307,-1.0,0.9999999999999988
-161.75506083840568,STOP_SAME,0,2020-04-30 13:00:00,2020-04-30 13:09:00,1719.0549358694582,1709.630763431741,-1.0,1.0000000000000109
-158.5199596216376,STOP,10,2020-04-30 13:15:00,2020-04-30 15:58:00,1717.2730437361463,1707.565079920315,-1.0,1.000000000000003
466.0486812876179,TARGET,134,2020-05-04 12:35:00,2020-05-06 00:05:00,1705.0642702383902,1736.0079344909677,3.0000000000000218,0.9999999999999925
-164.67053405495722,STOP,82,2020-05-08 12:49:00,2020-05-11 10:26:00,1712.9867465515351,1696.038864204224,-1.0,0.9999999999999971
-161.37712337385807,STOP,279,2020-05-18 13:38:00,2020-05-21 14:20:00,1748.0041096500956,1723.9752216377158,-1.0,0.9999999999999954
474.44874271914273,TARGET,9,2020-05-29 13:19:00,2020-05-29 15:41:00,1725.3687362951543,1771.027013141727,3.0,1.0000000000000016
-167.63855576076378,STOP,6,2020-06-02 15:28:00,2020-06-02 16:58:00,1736.6384778771296,1721.4531312935644,-1.0,0.9999999999999951
492.8573539366455,TARGET,10,2020-06-16 12:30:00,2020-06-16 15:09:00,1722.1507210468378,1765.394925989432,3.0,1.0000000000000018
522.4287951728451,TARGET,517,2020-07-28 03:07:00,2020-08-04 17:21:00,1929.4891828719428,2057.876345297105,3.0000000000000053,0.9999999999999982
553.7745228832149,TARGET,82,2020-08-12 19:58:00,2020-08-13 17:20:00,1913.0721416717306,2000.565618721844,3.0,0.9999999999999982
-195.66699808540264,STOP,94,2020-08-18 14:11:00,2020-08-19 14:39:00,1993.523386084047,1973.4357572863416,-1.0,1.0000000000000056
-191.75365812369458,STOP,17,2020-08-21 07:21:00,2020-08-21 11:42:00,1934.268884011824,1917.0083608055493,-1.0,1.0000000000000058
563.7557548836621,TARGET,26,2020-08-31 07:26:00,2020-08-31 13:50:00,1958.6848068559384,2001.9601440885274,3.0000000000000004,0.9999999999999966
-199.19370005889397,STOP,89,2020-09-01 14:20:00,2020-09-02 13:35:00,1969.5274342352698,1949.4462140922094,-1.0,1.0
-195.2098260577161,STOP,158,2020-09-04 12:36:00,2020-09-08 10:10:00,1926.1490406697633,1910.8329915055951,-1.0,1.000000000000003
-191.30562953656175,STOP,5,2020-09-21 08:19:00,2020-09-21 09:33:00,1943.1372693350538,1928.3858809965345,-1.0,1.000000000000006
562.4385508374874,TARGET,81,2020-12-03 16:19:00,2020-12-04 13:30:00,1828.9383953498004,1859.6668280163933,2.999999999999978,1.000000000000009
596.1848638877357,TARGET,22,2020-12-07 09:15:00,2020-12-07 14:49:00,1831.747947366495,1858.0485733360658,2.9999999999999742,1.0000000000000067
-210.65198524033502,STOP_SAME,0,2020-12-21 10:00:00,2020-12-21 10:02:00,1891.8643094822773,1881.4914205015361,-1.0,0.9999999999999933
-206.43894553552832,STOP_SAME,0,2020-12-21 10:15:00,2020-12-21 10:15:00,1888.143663161949,1876.4444186302449,-1.0,0.9999999999999943
-202.31016662481773,STOP,109,2020-12-21 11:30:00,2020-12-22 15:57:00,1879.4668203996634,1866.5814798728795,-1.0,1.0000000000000062
594.7918898769641,TARGET,12,2020-12-28 11:41:00,2020-12-28 14:38:00,1878.3019976839914,1908.1115372525655,3.0,0.9999999999999947
-210.15980108986062,STOP,2,2021-01-06 12:00:00,2021-01-06 12:43:00,1946.3894885798422,1935.1582578221096,-1.0,1.0000000000000038
-205.9566050680634,STOP,3,2021-01-12 13:26:00,2021-01-12 14:06:00,1847.8930488316264,1836.0739898280203,-1.0,0.9999999999999937
-201.8374729667021,STOP,138,2021-01-12 14:00:00,2021-01-14 02:31:00,1844.559161670504,1831.0560334572872,-1.0,0.9999999999999964
593.4021705221078,TARGET,5,2021-01-20 13:15:00,2021-01-20 14:40:00,1838.3883617390113,1875.5860714923203,3.000000000000018,0.9999999999999928
-209.66876691781022,STOP,121,2021-01-25 15:09:00,2021-01-26 23:20:00,1852.7748048000913,1842.6342045892327,-1.0,1.000000000000007
-205.47539157945403,STOP,24,2021-01-29 14:45:00,2021-01-29 20:59:00,1854.6586075508249,1842.5124376700949,-1.0,1.000000000000009
604.0976512435948,TARGET,37,2021-01-29 20:48:00,2021-02-01 07:12:00,1844.1304924399383,1876.039864742875,3.0,0.9999999999999993
-213.44783677273685,STOP,58,2021-02-01 15:53:00,2021-02-02 07:15:00,1860.5386512591833,1852.5500075057128,-1.0,1.0000000000000044
627.5366401118542,TARGET,10,2021-02-08 08:50:00,2021-02-08 11:26:00,1808.1211600063032,1826.2981448694866,3.0000000000000373,0.9999999999999841
665.18883851855,TARGET,87,2021-02-09 14:45:00,2021-02-10 13:31:00,1837.112196743443,1857.4314426287979,2.9999999999999662,1.00000000000001
-235.03338960989018,STOP,98,2021-02-10 15:44:00,2021-02-11 17:05:00,1836.5122626427435,1828.2670274437082,-1.0,0.9999999999999968
-230.33272181769237,STOP_SAME,0,2021-02-11 17:00:00,2021-02-11 17:05:00,1834.3512896435075,1828.2862163166112,-1.0,0.9999999999999871
-225.7260673813385,STOP_SAME,0,2021-02-16 11:50:00,2021-02-16 11:59:00,1818.353777545277,1813.6068746280112,-1.0,1.0000000000000027
-221.21154603371176,STOP,3,2021-02-16 12:00:00,2021-02-16 12:48:00,1817.521969921818,1812.3524121504156,-1.0,0.9999999999999957
-216.78731511303752,STOP,2,2021-02-18 14:45:00,2021-02-18 15:18:00,1775.9863955420997,1768.47072491315,-1.0,1.0000000000000027
637.3547064323302,TARGET,2,2021-02-18 15:15:00,2021-02-18 15:55:00,1773.8109966549343,1797.8376748828155,2.9999999999999996,0.9999999999999949
-225.19866293942334,STOP,18,2021-02-25 07:10:00,2021-02-25 11:41:00,1789.957380964896,1783.468012870518,-1.0,1.0000000000000115
-220.69468968063492,STOP,20,2021-03-01 12:42:00,2021-03-01 17:39:00,1735.2557829643172,1724.976120947818,-1.0,1.0000000000000036
-216.2807958870222,STOP,8,2021-03-08 07:24:00,2021-03-08 09:23:00,1695.8122761421196,1687.1078434462731,-1.0,1.000000000000012
-211.95517996928177,STOP,25,2021-03-08 09:15:00,2021-03-08 15:43:00,1689.8439052302062,1680.3305134604504,-1.0,1.0000000000000027
-207.71607636989614,STOP,46,2021-03-11 14:22:00,2021-03-12 02:45:00,1723.9741615483606,1716.2097818026086,-1.0,1.0000000000000022
610.685264527487,TARGET,29,2021-03-16 07:11:00,2021-03-16 14:29:00,1726.3216286084196,1744.4459871735285,2.9999999999999623,1.0000000000000109
-215.77546013304797,STOP,11,2021-03-17 11:16:00,2021-03-17 14:02:00,1727.621237014416,1722.0335313553508,-1.0,1.0000000000000169
-211.45995093038704,STOP,1,2021-03-18 07:26:00,2021-03-18 07:36:00,1742.5104199132845,1735.5089625804644,-1.0,0.9999999999999912
-207.2307519117793,STOP,3,2021-03-18 08:00:00,2021-03-18 08:47:00,1739.7526247838146,1731.6387753030879,-1.0,0.9999999999999996
-203.08613687354372,STOP,10,2021-03-18 10:30:00,2021-03-18 13:06:00,1732.1564122913237,1724.1265309452863,-1.0,1.000000000000008
597.0732424082114,TARGET,30,2021-03-19 13:00:00,2021-03-19 20:43:00,1732.6887061977905,1751.7500047611177,2.999999999999964,1.0000000000000122
-210.96587898423707,STOP,26,2021-03-22 01:15:00,2021-03-22 07:48:00,1734.0019541683314,1727.369717513287,-1.0,1.0
620.239684213648,TARGET,35,2021-03-23 01:24:00,2021-03-23 10:09:00,1732.6420815482124,1748.5711062921944,2.9999999999999574,1.000000000000016
657.4540652664652,TARGET,12,2021-04-05 02:40:00,2021-04-05 05:41:00,1724.2326332504108,1738.3744603001235,2.999999999999952,1.000000000000024
696.9013091824637,TARGET,32,2021-04-05 06:01:00,2021-04-05 14:01:00,1721.834072668113,1735.8873448199254,3.0,0.9999999999999954
738.7153877334237,TARGET,21,2021-04-06 06:58:00,2021-04-06 12:09:00,1730.60595177912,1744.5797225111933,3.000000000000049,0.9999999999999851
-261.0127703324723,STOP,5,2021-04-07 01:06:00,2021-04-07 02:28:00,1740.172628686995,1736.6487392676554,-1.0,0.9999999999999918
-255.79251492582287,STOP,36,2021-04-07 02:15:00,2021-04-07 11:23:00,1738.1342213811313,1734.2845357350884,-1.0,0.9999999999999744
-250.67666462730642,STOP,5,2021-04-19 11:47:00,2021-04-19 13:14:00,1779.1718960780136,1772.78672241492,-1.0,1.00000000000001
-245.6631313347603,STOP,11,2021-04-22 09:29:00,2021-04-22 12:14:00,1787.1862729927257,1782.4928310624232,-1.0,1.0000000000000187
-240.74986870806507,STOP,1,2021-04-23 13:52:00,2021-04-23 14:02:00,1783.246513480434,1777.010394855129,-1.0,0.9999999999999879
-235.9348713339038,STOP,1,2021-04-23 14:00:00,2021-04-23 14:17:00,1782.1176255839048,1775.478312889865,-1.0,0.9999999999999994
693.6485217216771,TARGET,42,2021-04-27 01:46:00,2021-04-27 12:21:00,1776.1172666116684,1788.9624942859484,2.9999999999999996,0.9999999999999952
-245.08914434165925,STOP,14,2021-04-29 06:41:00,2021-04-29 10:01:00,1778.851336184036,1773.385413672734,-1.0,0.9999999999999817
-240.1873614548261,STOP,13,2021-04-29 10:01:00,2021-04-29 13:16:00,1773.425070533961,1767.7422575904607,-1.0,0.9999999999999839
-235.3836142257296,STOP,26,2021-05-04 05:23:00,2021-05-04 11:51:00,1785.0668807940542,1780.24985805409,-1.0,0.9999999999999913
-230.67594194121503,STOP,41,2021-05-12 02:15:00,2021-05-12 12:30:00,1829.3161950186498,1823.9456733039494,-1.0,1.0000000000000082
-226.06242310239068,STOP_SAME,0,2021-05-12 12:30:00,2021-05-12 12:30:00,1828.6125879368312,1823.369323142768,-1.0,0.99999999999999
-221.5411746403429,STOP,8,2021-05-12 13:27:00,2021-05-12 15:25:00,1828.454725958681,1821.784844305871,-1.0,0.9999999999999869
-217.11035114753602,STOP,77,2021-05-18 13:58:00,2021-05-19 10:14:00,1864.4523319894834,1857.4073346759387,-1.0,1.0000000000000104
638.304432373756,TARGET,203,2021-05-19 18:10:00,2021-05-23 23:58:00,1871.0941769666474,1900.0815311611502,3.0,1.0000000000000016
-225.53423277206042,STOP,27,2021-05-28 05:18:00,2021-05-28 12:10:00,1892.6310048510954,1888.1754265341656,-1.0,0.9999999999999755
-221.0235481166192,STOP,10,2021-06-03 03:16:00,2021-06-03 05:45:00,1906.0293254166381,1902.0255784246992,-1.0,1.0000000000000162
-216.6030771542868,STOP,1,2021-06-03 06:15:00,2021-06-03 06:30:00,1902.5039199081996,1897.8177366170064,-1.0,1.0000000000000122
-212.27101561120108,STOP,4,2021-06-03 06:45:00,2021-06-03 07:47:00,1900.7112325544028,1895.363702134101,-1.0,1.0000000000000082
624.0767858969396,TARGET_SAME,0,2021-06-04 12:30:00,2021-06-04 12:30:00,1867.2011189151665,1884.1820362928015,3.00000000000004,0.9999999999999879
661.5213930507624,TARGET,31,2021-06-07 05:17:00,2021-06-07 13:11:00,1886.2745180707925,1896.4617610984255,3.000000000000067,0.9999999999999667
-233.7375588779311,STOP,3,2021-06-08 07:25:00,2021-06-08 08:09:00,1896.033325423367,1892.3770900200182,-1.0,1.0000000000000193
687.1884231011173,TARGET,6,2021-06-11 09:30:00,2021-06-11 11:08:00,1895.7060915888665,1911.824298493121,2.9999999999999996,1.0000000000000018
-242.8065761623948,STOP,7,2021-06-11 11:15:00,2021-06-11 13:05:00,1891.615288224088,1885.22088909868,-1.0,0.9999999999999871
-237.95044463914692,STOP,30,2021-06-15 08:18:00,2021-06-15 15:59:00,1863.1258644907082,1858.4573369192165,-1.0,1.0000000000000189
699.5743072390786,TARGET,12,2021-06-16 11:03:00,2021-06-16 14:02:00,1856.469817495695,1868.4097335851798,2.999999999999943,1.0000000000000282
-247.18292189114553,STOP_SAME,0,2021-06-16 18:00:00,2021-06-16 18:00:00,1856.5552659324167,1851.3430495597197,-1.0,0.9999999999999991
-242.23926345332256,STOP_SAME,0,2021-06-16 18:15:00,2021-06-16 18:15:00,1853.6220147233137,1847.1554091692515,-1.0,1.0000000000000133
-237.39447818425614,STOP_SAME,0,2021-06-18 12:20:00,2021-06-18 12:26:00,1785.7003282849928,1779.7115064094119,-1.0,1.0000000000000184
-232.64658862057104,STOP,1,2021-06-18 12:30:00,2021-06-18 12:46:00,1783.9453011823562,1777.3459204005544,-1.0,0.9999999999999969
-227.9936568481596,STOP,20,2021-06-18 14:55:00,2021-06-18 19:59:00,1775.3748450269254,1767.433863702147,-1.0,0.9999999999999983
670.3013511335893,TARGET,11,2021-06-21 12:23:00,2021-06-21 15:10:00,1775.4406519903164,1793.5619537106386,3.0,1.0000000000000084
-236.83981073386818,STOP,7,2021-06-22 05:22:00,2021-06-22 07:12:00,1782.43300922097,1777.9487972854622,-1.0,1.0000000000000089
696.3090435575723,TARGET,83,2021-06-24 14:49:00,2021-06-25 12:32:00,1778.7148321306217,1795.920567455667,3.0,0.9999999999999991
738.0875861710268,TARGET,18,2021-06-25 15:03:00,2021-06-25 19:43:00,1780.00073340543,1799.5464246232166,2.9999999999999996,1.0000000000000022
782.3728413412884,TARGET,37,2021-07-01 15:14:00,2021-07-02 01:22:00,1770.4586803629895,1792.1232902017744,3.0,1.000000000000004
829.3152118217656,TARGET_SAME,0,2021-07-02 12:30:00,2021-07-02 12:35:00,1778.1729016100137,1794.7463051338198,3.0,1.0000000000000062
879.0741245310803,TARGET,116,2021-07-02 14:15:00,2021-07-06 01:29:00,1778.7064187745254,1801.6355232437231,3.0000000000000298,0.9999999999999877
931.8185720029262,TARGET_SAME,0,2021-07-13 12:30:00,2021-07-13 12:40:00,1803.24741555182,1823.9342194841242,2.999999999999967,1.0000000000000147
987.7276863231218,TARGET,65,2021-07-13 12:57:00,2021-07-14 06:08:00,1802.7878304480323,1825.9052941837213,3.0000000000000293,0.9999999999999902
1046.991347502513,TARGET,29,2021-07-15 10:23:00,2021-07-15 17:44:00,1826.3434018483022,1844.0321969995596,3.0000000000000386,0.9999999999999896
-369.93694278421674,STOP,66,2021-07-20 14:44:00,2021-07-21 08:10:00,1812.5017953460972,1803.6902928154357,-1.0,1.000000000000009
-362.53820392853237,STOP,65,2021-07-26 12:40:00,2021-07-27 05:49:00,1801.1655841620075,1793.9416098374668,-1.0,0.9999999999999998
-355.28743984996174,STOP,4,2021-08-04 14:15:00,2021-08-04 15:20:00,1814.5298742548882,1805.2483926933517,-1.0,0.9999999999999934
-348.1816910529625,STOP,4,2021-08-09 14:03:00,2021-08-09 15:01:00,1735.5982732770162,1727.6968770110545,-1.0,1.000000000000001
-341.21805723190323,STOP,6,2021-08-09 15:00:00,2021-08-09 16:30:00,1732.2766858300984,1723.226488562746,-1.0,0.9999999999999908
-334.39369608726514,STOP,4,2021-08-12 12:30:00,2021-08-12 13:37:00,1746.3821033126392,1740.8444014188308,-1.0,1.0000000000000182
983.1174664965455,TARGET,25,2021-08-16 06:17:00,2021-08-16 12:41:00,1772.4556570530058,1788.3254890097908,2.999999999999957,1.0000000000000142
-347.3681714954507,STOP,139,2021-08-17 14:15:00,2021-08-19 03:11:00,1782.8119856063258,1773.6689727902892,-1.0,1.0000000000000056
1021.2624241966253,TARGET,33,2021-08-19 19:14:00,2021-08-20 04:22:00,1776.5966294562065,1796.4740849251752,3.0,0.999999999999992
1082.5381696484226,TARGET,18,2021-08-24 08:05:00,2021-08-24 12:42:00,1800.8492245645302,1811.8778799027032,3.0,1.0000000000000007
-382.4968199424427,STOP,40,2021-08-24 13:34:00,2021-08-25 00:38:00,1802.1340519296905,1797.138627441386,-1.0,1.000000000000014
-374.8468835435938,STOP,21,2021-08-26 01:09:00,2021-08-26 06:29:00,1788.513119210479,1784.4769247658603,-1.0,0.9999999999999984
1102.0498376181442,TARGET,18,2021-08-26 06:30:00,2021-08-26 11:03:00,1784.783658620879,1796.420318415998,2.9999999999999414,1.000000000000016
-389.39094262508485,STOP,19,2021-08-27 08:24:00,2021-08-27 13:12:00,1796.730263880222,1790.8810167676043,-1.0,1.0000000000000147
1144.8093713177495,TARGET,2,2021-08-27 13:30:00,2021-08-27 14:00:00,1791.1721870170736,1809.4470903255806,3.0,0.9999999999999982
1213.4979335968144,TARGET_SAME,0,2021-08-27 14:00:00,2021-08-27 14:01:00,1789.5400242628803,1810.285624498808,3.0000000000000004,1.0000000000000047
-428.7692698708743,STOP,38,2021-08-30 06:13:00,2021-08-30 15:35:00,1813.8187276937429,1809.0892166393837,-1.0,1.0000000000000175
-420.1938844734569,STOP,8,2021-08-31 10:53:00,2021-08-31 12:58:00,1813.1764952806218,1809.0309096132528,-1.0,1.000000000000015
-411.79000678398774,STOP_SAME,0,2021-08-31 13:15:00,2021-08-31 13:15:00,1809.2629968192318,1804.0937073496173,-1.0,0.9999999999999805
1210.6626199449013,TARGET,18,2021-09-01 01:33:00,2021-09-01 06:09:00,1811.915987670287,1824.0927882058907,2.9999999999999445,1.000000000000016
1283.302377141618,TARGET,21,2021-09-01 07:38:00,2021-09-01 12:47:00,1812.0801734678944,1826.0167661494206,3.0000000000000004,1.0000000000000089
-453.4335065900384,STOP,42,2021-09-10 13:34:00,2021-09-13 01:03:00,1791.1148526615923,1783.6870237177084,-1.0,1.0000000000000144
-444.3648364582376,STOP,36,2021-09-14 01:05:00,2021-09-14 10:09:00,1789.9215969387433,1785.5180624374843,-1.0,0.9999999999999788
-435.4775397290729,STOP,3,2021-09-17 12:41:00,2021-09-17 13:25:00,1755.5923694398086,1749.3044294237138,-1.0,1.0000000000000075
-426.7679889344914,STOP,4,2021-09-17 13:15:00,2021-09-17 14:16:00,1753.586479010897,1746.5761064395977,-1.0,1.0000000000000058
1254.6978874674226,TARGET,13,2021-09-22 12:14:00,2021-09-22 15:25:00,1769.957135206323,1786.0682687535602,3.0000000000000426,0.9999999999999807
-443.3265869051501,STOP,5,2021-09-24 11:59:00,2021-09-24 13:03:00,1747.6042815520975,1741.297988302439,-1.0,0.9999999999999932
-434.46005516704713,STOP,6,2021-09-27 08:30:00,2021-09-27 10:04:00,1751.144959749801,1745.776878102221,-1.0,1.00000000000002
-425.77085406370617,STOP,77,2021-09-27 10:00:00,2021-09-28 06:17:00,1748.0714498627071,1742.3692477894208,-1.0,0.999999999999983
-417.255436982432,STOP,6,2021-09-29 12:40:00,2021-09-29 14:10:00,1736.578988239684,1731.057651411167,-1.0,1.0000000000000089
-408.91032824278335,STOP_SAME,0,2021-09-29 14:15:00,2021-09-29 14:19:00,1733.6593414711442,1727.36128108637,-1.0,0.9999999999999972
-400.73212167792775,STOP,8,2021-09-29 15:31:00,2021-09-29 17:34:00,1729.2062333983813,1722.235206266919,-1.0,0.9999999999999977
1178.1524377331075,TARGET,3,2021-10-01 12:13:00,2021-10-01 12:45:00,1751.2412660342982,1761.0149303891174,2.9999999999999996,1.000000000000017
1248.8415839970942,TARGET,18,2021-10-04 02:51:00,2021-10-04 07:19:00,1758.7844948585512,1772.2625220367586,3.0000000000000004,0.9999999999999977
-441.2573596789732,STOP,13,2021-10-05 03:44:00,2021-10-05 06:47:00,1760.7225968344328,1756.2381248435277,-1.0,1.0000000000000187
1297.2966374561815,TARGET,22,2021-10-05 06:47:00,2021-10-05 12:27:00,1756.2588206213252,1769.81261497238,3.0000000000000004,1.0000000000000067
-458.37814523451743,STOP,9,2021-10-06 02:14:00,2021-10-06 04:15:00,1755.9350160419312,1752.7978308043328,-1.0,0.9999999999999984
-449.21058232982705,STOP,11,2021-10-06 04:15:00,2021-10-06 07:06:00,1753.8811057319413,1750.4774692715125,-1.0,1.0000000000000002
-440.22637068323047,STOP,27,2021-10-08 14:34:00,2021-10-10 22:26:00,1759.8938531275796,1751.906853360873,-1.0,0.9999999999999897
1294.2655298086977,TARGET,5,2021-10-12 12:38:00,2021-10-12 13:48:00,1754.6079211434433,1773.2648079290943,2.9999999999999996,1.0000000000000018
1371.9214615972196,TARGET_SAME,0,2021-10-13 12:35:00,2021-10-13 12:37:00,1765.3604281145304,1780.7502502891132,3.0,0.9999999999999976
1454.2367492930525,TARGET,3,2021-10-13 12:45:00,2021-10-13 13:30:00,1763.5341643471922,1782.114495413046,2.9999999999999996,0.9999999999999981
1541.4909542506612,TARGET,1,2021-10-21 11:13:00,2021-10-21 11:26:00,1781.4043800458214,1795.3806780953512,3.0000000000000493,0.9999999999999865
-544.6601371685585,STOP_SAME,0,2021-10-22 15:33:00,2021-10-22 15:37:00,1796.9529888398336,1788.72159314216,-1.0,1.0000000000000044
-533.7669344251874,STOP_SAME,0,2021-10-22 15:45:00,2021-10-22 15:46:00,1795.099614575853,1786.149788663063,-1.0,1.000000000000004
1569.2747872100508,TARGET,82,2021-10-22 16:00:00,2021-10-25 13:30:00,1793.0039749179793,1821.7359787694306,3.0,1.000000000000001
1663.4312744426538,TARGET,1,2021-11-02 11:46:00,2021-11-02 12:13:00,1789.455299764718,1804.0776551900171,3.0,1.0000000000000047
1763.2371509091915,TARGET,2,2021-11-09 15:06:00,2021-11-09 15:43:00,1823.3864609639663,1841.9686325543062,2.999999999999963,1.000000000000015
-623.0104599879215,STOP,9,2021-11-16 14:08:00,2021-11-16 16:26:00,1866.7308540039128,1856.7130666937483,-1.0,1.000000000000009
-610.550250788163,STOP,13,2021-11-19 14:18:00,2021-11-19 17:42:00,1854.3551391722128,1844.5825589955448,-1.0,1.0000000000000113
-598.3392457723997,STOP,75,2021-11-19 17:45:00,2021-11-22 13:34:00,1848.9261285767748,1837.211773206288,-1.0,1.000000000000003
1759.1173825708552,TARGET,124,2021-11-24 14:10:00,2021-11-26 03:05:00,1780.649830755618,1806.2821901582302,3.0,1.0000000000000007
-621.5548085083689,STOP,12,2021-11-26 13:33:00,2021-11-26 16:42:00,1799.0999373461375,1788.2624069260357,-1.0,1.0000000000000036
-609.1237123382015,STOP_SAME,0,2021-11-26 16:37:00,2021-11-26 16:43:00,1793.4800234710524,1781.8918253567058,-1.0,0.9999999999999902
-596.9412380914374,STOP,168,2021-11-26 16:45:00,2021-11-30 16:00:00,1790.5023223235514,1777.433534114922,-1.0,1.0000000000000082
-585.0024133296087,STOP_SAME,0,2021-11-30 16:00:00,2021-11-30 16:00:00,1789.977063715208,1780.994138651574,-1.0,0.9999999999999988
-573.3023650630165,STOP,94,2021-12-08 11:47:00,2021-12-09 12:18:00,1783.6469037530671,1777.0542393036053,-1.0,1.0000000000000042
1685.508953285284,TARGET,107,2021-12-21 15:45:00,2021-12-22 19:30:00,1787.4361205052724,1812.1804012452028,3.0000000000000275,0.9999999999999925
-595.5464968274619,STOP,4,2022-01-05 19:34:00,2022-01-05 20:34:00,1816.3532681923741,1808.404160463003,-1.0,1.0000000000000098
1750.9067006727207,TARGET_SAME,0,2022-01-07 13:36:00,2022-01-07 13:36:00,1783.7314928941792,1806.7146397736176,2.9999999999999707,1.0000000000000098
1855.9611027131011,TARGET,90,2022-01-24 15:21:00,2022-01-25 14:45:00,1829.3757599198343,1859.8701233274942,3.0,1.0000000000000004
-655.7729229586291,STOP,2,2022-02-04 13:32:00,2022-02-04 14:01:00,1802.5886714145458,1793.0808627065292,-1.0,1.0000000000000064
1927.9723934984047,TARGET_SAME,0,2022-02-08 07:36:00,2022-02-08 07:37:00,1816.8915923687061,1829.3950362166545,3.0000000000000546,0.9999999999999831
2043.6507371083064,TARGET_SAME,0,2022-02-08 07:45:00,2022-02-08 07:46:00,1816.4259461008971,1830.719217756448,3.0000000000000475,0.9999999999999789
2166.2697813347863,TARGET,118,2022-02-22 08:57:00,2022-02-23 15:26:00,1900.2042527969472,1934.92060082489,3.00000000000002,0.9999999999999912
-765.4153227382862,STOP,3,2022-02-24 14:41:00,2022-02-24 15:20:00,1939.3301456852744,1917.3378721429985,-1.0,1.0000000000000007
2250.321048850562,TARGET,1,2022-02-28 07:26:00,2022-02-28 07:30:00,1898.3942878772373,1935.757527746951,3.0,0.9999999999999994
2385.340311781609,TARGET,97,2022-02-28 07:32:00,2022-03-01 08:51:00,1896.2753084356286,1937.8003863118565,3.0000000000000164,0.9999999999999921
2528.4607304884926,TARGET,64,2022-03-07 13:30:00,2022-03-08 06:43:00,1976.16784746623,2033.233306960231,3.0,0.9999999999999981
2680.1683743178146,TARGET,2,2022-04-22 10:30:00,2022-04-22 11:07:00,1933.105142828104,1982.2353185874047,3.0000000000000138,0.9999999999999963
2840.978476776871,TARGET,71,2022-08-03 14:16:00,2022-08-04 09:08:00,1758.7143341348915,1823.0367836038931,3.0,1.0000000000000009
3011.437185383483,TARGET,185,2023-07-27 13:40:00,2023-07-31 13:51:00,1946.2414462790255,2107.5424492420707,2.9999999999999996,0.9999999999999998
3192.123416506501,TARGET,27,2023-08-04 05:53:00,2023-08-04 12:42:00,1942.1091098358127,2019.7368370757526,3.0000000000000084,0.9999999999999978
3383.650821496891,TARGET,13,2023-08-09 10:16:00,2023-08-09 13:33:00,1926.4902167425787,2023.044592279455,3.000000000000007,0.9999999999999967
3586.669870786687,TARGET,4,2023-08-11 13:07:00,2023-08-11 14:00:00,1914.9530842776087,2007.8143270446144,2.999999999999993,1.000000000000002
3801.8700630338976,TARGET,538,2024-02-13 14:08:00,2024-02-21 13:12:00,2000.7397277163195,2135.9836561372135,3.0,0.9999999999999999
4029.982266815945,TARGET,8,2024-10-04 13:01:00,2024-10-04 15:03:00,2641.4565159643353,2776.709386393609,3.0000000000000098,0.9999999999999973
