symbol,pnl,exit_reason,bars_held,entry_time,exit_time,entry_price,exit_price,t1_hit,r_multiple
GOLD,-508.0813010345181,STOP,1,2013-07-09 09:32:00,2013-07-09 10:59:00,1250.7700063861423,1247.0897143264856,False,-2.5404065051725904
GOLD,-487.7187500591085,STOP_SAME,0,2013-07-09 11:00:00,2013-07-09 11:04:00,1249.4109793240154,1245.7790488474006,False,-2.5691262511143536
GOLD,-12.847029579804747,T1_T2,3,2013-07-10 13:35:00,2013-07-10 14:21:00,1251.4424179073533,1254.583551590623,True,-0.07133909538162307
GOLD,-458.0567866130365,STOP_SAME,0,2013-07-10 17:20:00,2013-07-10 17:22:00,1252.7058005164017,1249.0304942167636,False,-2.547207248580249
GOLD,-423.47089922220925,STOP_SAME,0,2013-07-10 17:45:00,2013-07-10 17:47:00,1251.3795700454305,1247.6006010971566,False,-2.4812856171648425
GOLD,59.842064620002866,T1_T2,1,2013-07-11 12:16:00,2013-07-11 12:30:00,1280.4596721799944,1285.5480829261642,True,0.3689479298078569
GOLD,-349.10985305761335,STOP,2,2013-07-11 14:38:00,2013-07-11 15:02:00,1280.769414262316,1276.1186159136412,False,-2.1366222167842808
GOLD,57.00841971816685,T1_T2,3,2013-07-11 15:03:00,2013-07-11 19:24:00,1280.2467825411456,1285.3044009545204,True,0.3644779807494612
GOLD,-466.7738418748827,STOP_SAME,0,2013-07-15 12:30:00,2013-07-15 12:31:00,1286.2556774651964,1283.007968050652,False,-2.9626781285464987
GOLD,-16.969316619438594,T1_T2,3,2013-07-16 15:49:00,2013-07-16 19:35:00,1287.8165535652433,1290.9363509356258,True,-0.11449057379433122
GOLD,-522.9207152652411,STOP_SAME,0,2013-07-17 07:17:00,2013-07-17 07:25:00,1288.944793532242,1286.134423543512,False,-3.536199987736162
SILVER,-355.1369543311382,STOP_SAME,0,2013-07-17 07:16:00,2013-07-17 07:17:00,19.90132482307344,19.843837687581832,False,-2.584354680038264
GOLD,-59.5364691460369,T1_T2_SAME,0,2013-07-18 12:30:00,2013-07-18 12:37:00,1277.919223084413,1280.3445164540055,True,-0.45686476423620354
GOLD,-44.57117360319067,T1_T2,1,2013-07-19 08:37:00,2013-07-19 11:30:00,1287.1670363796025,1289.7955983083534,True,-0.3451796442532629
GOLD,-412.5491508809135,STOP_SAME,0,2013-07-23 09:17:00,2013-07-23 09:20:00,1333.8492017181084,1330.7145905723676,False,-3.2171802510171057
GOLD,-314.7065338181348,STOP_SAME,0,2013-07-23 11:00:00,2013-07-23 11:06:00,1330.0924533760979,1326.309993290431,False,-2.6229442866168453
GOLD,-358.25900636882733,STOP_SAME,0,2013-07-24 12:20:00,2013-07-24 12:21:00,1339.8014564271343,1336.5974705459587,False,-3.151246381716165
GOLD,-280.303652575576,STOP_SAME,0,2013-07-26 08:15:00,2013-07-26 08:17:00,1333.578424512306,1329.79877152776,False,-2.631394502674945
GOLD,5.128381319170458,T1_T2,7,2013-07-29 14:01:00,2013-07-29 16:07:00,1329.2749095748984,1332.9912307458287,True,0.05081792411588356
GOLD,-276.49442974590335,STOP,3,2013-07-29 16:45:00,2013-07-30 00:00:00,1329.006502007983,1325.3879004922414,False,-2.7370442740896683
GOLD,-274.5480064475985,STOP,1,2013-07-30 00:07:00,2013-07-30 07:19:00,1328.4631938182763,1325.0144705520531,False,-2.8751655558691063
GOLD,-274.78472051775367,STOP_SAME,0,2013-07-31 12:00:00,2013-07-31 12:09:00,1329.4880640676781,1326.220505986181,False,-3.053214451327348
GOLD,-263.0403552300852,STOP_SAME,0,2013-07-31 12:15:00,2013-07-31 12:15:00,1329.4688960185115,1326.2559906136617,False,-3.1128002636141363
GOLD,-165.5811942288682,STOP_SAME,0,2013-08-01 07:49:00,2013-08-01 07:56:00,1321.7509767356248,1316.8014289626074,False,-2.089563584792339
GOLD,0.6085024251027562,T1_T2,2,2013-08-01 08:13:00,2013-08-01 12:25:00,1318.3756181045953,1321.9200799026519,True,0.008013952638053176
GOLD,-126.11968175417866,T1_STOP_SAME,0,2013-08-01 12:33:00,2013-08-01 12:34:00,1321.6910364361736,1318.2212253303494,True,-1.6607249926831211
GOLD,-194.05042979991643,STOP_SAME,0,2013-08-01 13:03:00,2013-08-01 13:07:00,1321.724801624102,1317.9958674598554,False,-2.6430132240619924
SILVER,34.50468130374688,T1_T2,9,2013-08-02 18:52:00,2013-08-05 03:11:00,19.815762005834035,19.910470912267304,True,0.4961907804658369
GOLD,-121.2180180588858,T1_STOP,4,2013-08-09 06:04:00,2013-08-09 09:17:00,1307.2857333759537,1303.9403764624958,True,-1.7260335587491482
GOLD,-230.41451354453807,STOP_SAME,0,2013-08-09 09:23:00,2013-08-09 09:24:00,1308.1701122985207,1305.2290445313354,False,-3.3981997833633026
GOLD,-2.542247334224456,T1_T2_SAME,0,2013-08-12 10:47:00,2013-08-12 10:53:00,1326.8448765179428,1330.264278389452,True,-0.040227605990807096
GOLD,-164.55058043372782,STOP_SAME,0,2013-08-12 11:00:00,2013-08-12 11:00:00,1325.3396956666204,1321.5448262160228,False,-2.6058856774891255
SILVER,-129.4433575796167,STOP,1,2013-08-13 01:06:00,2013-08-13 01:21:00,21.258619802981457,21.182894692791585,False,-2.1673593657756616
GOLD,-79.8295321734733,T1_STOP,7,2013-08-12 17:49:00,2013-08-13 01:30:00,1333.3692090233867,1329.282761804758,True,-1.3337213921249602
SILVER,-116.3774373533744,STOP,1,2013-08-13 01:33:00,2013-08-13 01:51:00,21.240164116467778,21.160677044777138,False,-2.090514844654641
GOLD,-94.41335928640424,T1_STOP,2,2013-08-14 12:50:00,2013-08-14 13:19:00,1321.828987788327,1318.5014377908947,True,-1.769972084745476
GOLD,-5.820869176178064,T1_T2,2,2013-08-14 13:20:00,2013-08-14 13:50:00,1321.4139943061691,1324.6187070857536,True,-0.11312883016304524
GOLD,-145.45401824952862,STOP,1,2013-08-15 10:51:00,2013-08-15 11:00:00,1337.6582896512457,1334.1370133279338,False,-2.833315378099029
GOLD,-171.09261775588288,STOP_SAME,0,2013-08-15 11:03:00,2013-08-15 11:03:00,1337.0788412747281,1334.1614860564541,False,-3.532930714727977
GOLD,-122.48119696819623,STOP,1,2013-08-16 06:46:00,2013-08-16 09:46:00,1362.4683312027576,1358.7373613374968,False,-2.72143517306465
GOLD,-1.9875322062929364,T1_T2,3,2013-08-16 09:55:00,2013-08-16 12:31:00,1362.1603993263996,1365.6513925056117,True,-0.046703396518496275
GOLD,-108.07038165205782,STOP_SAME,0,2013-08-16 13:38:00,2013-08-16 13:40:00,1362.6788243783485,1358.6716932954716,False,-2.541831903884162
GOLD,10.000291197116452,T1_T2,3,2013-08-16 16:22:00,2013-08-16 18:15:00,1363.5378545268684,1368.207136940335,True,0.24780600237782602
GOLD,-112.9961665400864,STOP,4,2013-08-19 06:19:00,2013-08-19 10:57:00,1373.8078079258332,1370.1323111499157,False,-2.7862224424240205
GOLD,-69.67062171184085,T1_STOP,3,2013-08-19 12:00:00,2013-08-19 13:00:00,1373.138464511758,1369.7423813838604,True,-1.8192945427761669
SILVER,-68.41023811498029,STOP,1,2013-08-19 13:55:00,2013-08-19 14:02:00,23.12342935286232,23.01935827883858,False,-1.853835876311473
SILVER,-66.6591655908304,STOP_SAME,0,2013-08-19 14:03:00,2013-08-19 14:06:00,23.12004057739723,23.0180222743825,False,-1.8759375039241877
GOLD,-63.22451020453792,T1_STOP,1,2013-08-21 01:19:00,2013-08-21 05:36:00,1370.2655617338826,1366.910937424564,True,-1.848637202651836
GOLD,-101.96156996141971,STOP_SAME,0,2013-08-21 05:37:00,2013-08-21 05:38:00,1368.77445166349,1365.4507847280054,False,-3.0957376581010867
SILVER,16.489808480131046,T1_T2,8,2013-08-21 14:01:00,2013-08-21 16:08:00,22.937361402290104,23.05395837770882,True,0.5337045949808762
GOLD,-72.494289113043,STOP,2,2013-08-21 20:08:00,2013-08-21 22:46:00,1366.9896162098316,1362.528292297049,False,-2.3215497392846287
GOLD,-72.5332339849637,STOP_SAME,0,2013-08-21 22:53:00,2013-08-21 22:53:00,1366.2695220604353,1362.0564946442269,False,-2.4358980768034657
GOLD,0.4941186585105459,T1_T2,3,2013-08-22 16:46:00,2013-08-22 20:31:00,1370.7357449918925,1374.4523860919219,True,0.017443917659779002
GOLD,-18.02181960101381,T1_T2_SAME,0,2013-08-23 05:35:00,2013-08-23 05:43:00,1373.9048644803086,1376.2469086397803,True,-0.6360041110627604
SILVER,-58.7693796123786,STOP,1,2013-08-23 05:30:00,2013-08-23 06:01:00,23.07115122809843,22.985398646407788,False,-2.1007389503063005
GOLD,-103.54829522319193,STOP,2,2013-08-23 09:33:00,2013-08-23 11:32:00,1374.6192797708184,1371.807545620914,False,-3.8637153714823627
SILVER,9.628913580569156,T1_T2,10,2013-08-23 11:35:00,2013-08-23 14:03:00,23.05157724070657,23.145729220392475,True,0.3893739098176995
GOLD,-59.040194907402,STOP_SAME,0,2013-08-25 23:52:00,2013-08-25 23:54:00,1395.7709394398146,1391.325074486602,False,-2.369018126505014
SILVER,13.749890070983497,T1_T2,2,2013-08-27 19:56:00,2013-08-27 22:40:00,24.477051235811473,24.611858366398252,True,0.5791623176084271
GOLD,14.375067136403844,T1_T2,10,2013-08-27 18:09:00,2013-08-28 06:22:00,1414.0516748653913,1422.235168623421,True,0.605495546183729
GOLD,-61.831343330615326,STOP_SAME,0,2013-08-28 13:19:00,2013-08-28 13:21:00,1423.2436153479698,1419.0624978864616,False,-2.544133830101306
GOLD,-53.55382722007628,STOP,1,2013-08-28 13:30:00,2013-08-28 13:45:00,1422.368585394771,1417.726836655524,False,-2.3216774534043605
SILVER,-51.35879722332857,STOP,1,2013-09-03 20:19:00,2013-09-04 05:00:00,24.345826980538853,24.266923495554536,False,-2.3349374567384573
SILVER,-49.601675777222596,STOP_SAME,0,2013-09-04 05:02:00,2013-09-04 05:03:00,24.341587560379185,24.26391769771522,False,-2.365519835567574
GOLD,-76.1711310315842,STOP_SAME,0,2013-09-04 06:23:00,2013-09-04 06:23:00,1410.1083556760261,1407.197481535988,False,-3.8130212301615227
GOLD,-69.83414332782127,STOP_SAME,0,2013-09-09 10:47:00,2013-09-09 10:48:00,1386.7894333359932,1383.9115358645186,False,-3.7844003907847408
SILVER,-40.28672847735141,STOP,1,2013-09-09 10:48:00,2013-09-09 11:00:00,23.79082499256654,23.714776515745957,False,-2.361960783404097
SILVER,-38.00449586632339,STOP,1,2013-09-09 11:03:00,2013-09-09 11:30:00,23.774952323877073,23.69804581577841,False,-2.3386314388904816
GOLD,-59.566881970654286,STOP_SAME,0,2013-09-10 06:15:00,2013-09-10 06:16:00,1385.7174661369704,1382.8736836417386,False,-3.845343766900779
GOLD,-50.3948398172558,STOP_SAME,0,2013-09-11 10:03:00,2013-09-11 10:06:00,1364.3209972702368,1361.3386835055296,False,-3.524283659852445
GOLD,-3.580948337271857,T1_T2,4,2013-09-11 14:49:00,2013-09-11 15:52:00,1360.7751914951978,1363.705174856746,True,-0.2694180910325969
SILVER,-33.52196301189385,STOP_SAME,0,2013-09-12 01:01:00,2013-09-12 01:12:00,23.108731448406914,23.04059959330472,False,-2.535739319991802
SILVER,-30.33283746709093,STOP,1,2013-09-12 02:25:00,2013-09-12 03:09:00,23.098418542665566,23.026554156651805,False,-2.4170825570974452
GOLD,-32.105681269192004,STOP_SAME,0,2013-09-16 06:08:00,2013-09-16 06:14:00,1326.6650490914121,1322.986925887675,False,-2.6883095457380577
GOLD,-30.154379550325757,STOP_SAME,0,2013-09-16 06:46:00,2013-09-16 06:56:00,1326.24180267049,1322.536820620906,False,-2.6683900944789842
SILVER,-20.51826950349083,STOP,1,2013-09-16 12:00:00,2013-09-16 12:18:00,21.860184751392595,21.76713963987808,False,-1.9180431824313797
GOLD,-28.89761678591658,STOP_SAME,0,2013-09-17 12:35:00,2013-09-17 12:35:00,1316.6058898527765,1313.1112983035425,False,-2.8091022557014025
GOLD,-25.64814136872505,STOP,2,2013-09-17 12:47:00,2013-09-17 13:25:00,1315.9818720510689,1312.2671338026055,False,-2.6416372789555123
GOLD,-22.107707199551935,STOP_SAME,0,2013-09-19 13:36:00,2013-09-19 13:40:00,1364.1846953447905,1359.9136087948416,False,-2.4039991780824184
GOLD,-20.6331031428069,STOP_SAME,0,2013-09-19 13:45:00,2013-09-19 13:45:00,1363.649422000958,1359.2794608170832,False,-2.3569735070356104
GOLD,2.9877198921333843,T1_T2,4,2013-09-19 17:57:00,2013-09-19 18:57:00,1366.2407417959282,1371.593681808398,True,0.35817947271222855
SILVER,-6.213547459070178,T1_STOP,9,2013-09-19 18:00:00,2013-09-20 00:51:00,23.128539206472613,23.012341688823746,True,-0.7449042189068791
GOLD,-18.81821043134979,STOP,2,2013-09-19 19:49:00,2013-09-20 00:59:00,1365.982803066254,1361.3066753840833,False,-2.234347442055571
GOLD,-25.062482497332805,STOP,1,2013-09-23 18:56:00,2013-09-23 19:05:00,1324.9805158907247,1321.829786640295,False,-3.1722558005058055
SILVER,-17.35416840979219,STOP,2,2013-09-23 18:55:00,2013-09-23 19:34:00,21.807944904208018,21.73162542717721,False,-2.1965845325488647
SILVER,-15.878891876106046,STOP_SAME,0,2013-09-23 19:41:00,2013-09-23 19:42:00,21.79772485150096,21.723833368905204,False,-2.2516253934145363
GOLD,-22.432534276566575,STOP,3,2013-09-25 07:04:00,2013-09-25 08:10:00,1324.3028207577065,1321.27781891581,False,-3.330931475044614
GOLD,-20.710346075552174,STOP_SAME,0,2013-09-25 08:11:00,2013-09-25 08:12:00,1323.9147884040772,1320.8638498182224,False,-3.2946978004888687
SILVER,-13.566063569105054,STOP_SAME,0,2013-09-25 08:10:00,2013-09-25 08:11:00,21.69792536967694,21.626694228035937,False,-2.3103931884941202
SILVER,-12.258152104533071,STOP,2,2013-09-25 08:22:00,2013-09-25 09:40:00,21.68096768200756,21.604737658867794,False,-2.188786070633572
GOLD,-18.87330344767151,STOP,1,2013-09-26 02:32:00,2013-09-26 05:33:00,1332.4157665663347,1329.5031732044913,False,-3.5242480376619927
GOLD,-18.453938896669378,STOP,1,2013-09-26 05:34:00,2013-09-26 06:43:00,1332.29074785746,1329.485151086209,False,-3.707244259372386
GOLD,-14.731234888781296,STOP_SAME,0,2013-09-26 12:32:00,2013-09-26 12:33:00,1334.2981967475744,1331.1454856035496,False,-3.196378842469374
GOLD,-13.346224101321102,STOP,1,2013-09-26 12:48:00,2013-09-26 13:06:00,1334.1166035252127,1330.8751746217738,False,-3.0936277510356227
GOLD,0.4680180990755829,T1_T2,1,2013-09-27 18:12:00,2013-09-30 00:37:00,1335.346650436591,1339.3199725829613,True,0.1156406299352864
SILVER,-9.654356279413477,STOP,3,2013-09-27 18:04:00,2013-09-30 02:45:00,21.788675754957676,21.71983764781921,False,-2.3854544172035594
SILVER,-9.35982125085114,STOP,1,2013-09-30 03:05:00,2013-09-30 05:44:00,21.766125572351882,21.698586111039134,False,-2.4226586729897788
GOLD,-11.105129169474573,STOP,1,2013-09-30 09:31:00,2013-09-30 10:32:00,1338.517230681321,1335.1961872504253,False,-3.0207732393805395
GOLD,-10.632265474194517,STOP,2,2013-09-30 11:00:00,2013-09-30 12:00:00,1337.4217306964692,1334.1580097286087,False,-3.0781123167066973
SILVER,-6.191453643132189,STOP_SAME,0,2013-10-01 11:03:00,2013-10-01 11:10:00,21.722710432581376,21.629630890814298,False,-1.9100547019594072
SILVER,-6.012766146856418,STOP_SAME,0,2013-10-01 11:15:00,2013-10-01 11:18:00,21.71015644081778,21.618552244097575,False,-1.9286046701677422
GOLD,-9.121312529968433,STOP,1,2013-10-03 00:07:00,2013-10-03 05:56:00,1314.0974162254893,1310.8581661906492,False,-3.0430529792776326
SILVER,1.3101528740594788,T1_T2,1,2013-10-03 05:52:00,2013-10-03 06:37:00,21.670166795792852,21.7688985574824,True,0.46541920750845667
GOLD,-5.136065131978442,T1_STOP,2,2013-10-03 05:58:00,2013-10-03 07:14:00,1313.936956895505,1310.6932622003098,True,-1.8245377396536566
SILVER,-5.466356058939892,STOP,1,2013-10-03 07:46:00,2013-10-03 08:02:00,21.680040106022,21.593284885756688,False,-1.9961299591314892
GOLD,-0.35773424430705236,T1_T2,1,2013-10-03 23:58:00,2013-10-04 05:57:00,1314.7867200319647,1317.9173146614621,True,-0.13606460474182075
GOLD,-6.275030750480835,T1_STOP,4,2013-10-04 08:45:00,2013-10-04 11:52:00,1316.3808524932126,1313.6157196563252,True,-2.3932273685553334
GOLD,-0.5746565985552617,T1_T2_SAME,0,2013-10-04 12:15:00,2013-10-04 12:21:00,1315.093316292368,1318.006982451349,True,-0.23018539457069034
GOLD,-9.537385916336984,STOP_SAME,0,2013-10-07 07:17:00,2013-10-07 07:27:00,1312.4543194726953,1309.757307555845,False,-3.837979965875241
GOLD,-0.6272024657072345,T1_T2,4,2013-10-07 19:00:00,2013-10-08 00:58:00,1321.0780828689685,1323.9145264862327,True,-0.2733797257715689
SILVER,-6.1751069329402855,STOP,3,2013-10-10 17:24:00,2013-10-10 19:22:00,21.901133800397794,21.840823777181356,False,-2.7063508055979923
GOLD,-4.682965998473521,STOP,5,2013-10-14 15:13:00,2013-10-14 16:38:00,1280.2994138512706,1275.745817497832,False,-2.1698404007605916
GOLD,-4.645160946850939,STOP,1,2013-10-14 16:40:00,2013-10-14 16:54:00,1279.2982910000912,1274.9575791873363,False,-2.249964817334109
GOLD,-5.271570591564117,STOP,1,2013-10-16 08:50:00,2013-10-16 09:02:00,1279.1500780609438,1275.5839096429506,False,-2.67369150326647
GOLD,-4.940970651312138,STOP_SAME,0,2013-10-16 09:03:00,2013-10-16 09:12:00,1278.7718762980346,1275.170586998801,False,-2.647591131090612
SILVER,-1.9336281723717674,T1_STOP,2,2013-10-16 12:07:00,2013-10-16 12:43:00,21.210693427759214,21.134863594974796,True,-1.094055958504075
SILVER,0.5663809237488362,T1_T2,1,2013-10-16 12:44:00,2013-10-16 12:55:00,21.207237993402064,21.28714016798072,True,0.3276299126078407
GOLD,-3.743465366103136,STOP_SAME,0,2013-10-16 14:00:00,2013-10-16 14:01:00,1276.3302222255782,1271.7384455367392,False,-2.1513559585628315
SILVER,0.7212643362271907,T1_T2,9,2013-10-16 14:09:00,2013-10-16 16:24:00,21.207511937127762,21.299621058869022,True,0.43314497664679613
GOLD,-2.668093158456025,T1_STOP,3,2013-10-18 00:35:00,2013-10-18 04:57:00,1317.696812354829,1314.131877832913,True,-1.5885239455781686
SILVER,-4.066642168043225,STOP,1,2013-10-18 19:55:00,2013-10-20 22:28:00,21.8923533871918,21.826811359426152,False,-2.5006356375850127
GOLD,-4.883115867209156,STOP,1,2013-10-21 08:11:00,2013-10-21 10:05:00,1317.7110541712884,1314.567973399664,False,-3.160775805707061
GOLD,-4.792738341614529,STOP_SAME,0,2013-10-21 12:19:00,2013-10-21 12:21:00,1316.4459727413457,1313.424807498565,False,-3.3116215005108343
SILVER,-3.838996326767125,STOP,1,2013-10-22 01:21:00,2013-10-22 02:55:00,22.192785317924763,22.13451115094951,False,-2.8407687641826027
SILVER,0.21905632973993422,T1_T2,5,2013-10-23 13:13:00,2013-10-23 14:16:00,22.58458020145283,22.655749048885873,True,0.17186097914482534
GOLD,-0.5125405795776912,T1_T2_SAME,0,2013-10-24 07:32:00,2013-10-24 07:36:00,1335.4566951139032,1338.0844914885647,True,-0.4007370757197435
SILVER,0.2645586804793925,T1_T2,1,2013-10-24 12:47:00,2013-10-24 13:05:00,22.68341902395588,22.75776205980006,True,0.20852016818363509
SILVER,-3.5962472613698186,STOP,1,2013-10-24 19:41:00,2013-10-24 19:57:00,22.747178320478426,22.6870826642028,False,-2.8227224539017373
GOLD,-3.9634978278513247,STOP,7,2013-10-24 19:47:00,2013-10-25 01:24:00,1345.946550509945,1342.8466877450458,False,-3.2971172167223863
SILVER,-3.378787993104732,STOP,6,2013-10-24 20:13:00,2013-10-25 01:26:00,22.736430935859477,22.676116378569095,False,-2.810714310334265
GOLD,-0.45245721658942634,T1_T2,3,2013-10-28 01:02:00,2013-10-28 02:00:00,1350.2089871344212,1352.8178564722737,True,-0.4287619613963082
SILVER,-2.3734741130040873,STOP,4,2013-10-28 02:56:00,2013-10-28 07:52:00,22.52980500518054,22.45415239664933,False,-2.2686289383816014
SILVER,0.21518811074809208,T1_T2,2,2013-10-28 08:05:00,2013-10-28 08:47:00,22.512800024617366,22.58714740728743,True,0.21545835306066416
SILVER,-2.6873325823267877,STOP,1,2013-10-28 17:02:00,2013-10-28 17:47:00,22.550409481930032,22.487671945994364,False,-2.679162489265656
SILVER,-2.563648212438074,STOP,3,2013-10-28 17:52:00,2013-10-28 20:28:00,22.54710391703548,22.48488054298739,False,-2.7005588679502486
GOLD,-3.0114433012094572,STOP,3,2013-10-29 05:42:00,2013-10-29 07:42:00,1353.3064564154383,1350.2317741543363,False,-3.353388757680967
GOLD,-2.5301220323954485,STOP_SAME,0,2013-10-30 17:24:00,2013-10-30 17:29:00,1351.9577856511034,1348.6025848304791,False,-3.0199558038128673
SILVER,-0.09935767611953558,T1_T2,2,2013-10-30 17:29:00,2013-10-30 17:53:00,22.939734124816695,22.99478544423289,True,-0.1262167889754831
SILVER,-2.0585745831533577,STOP_SAME,0,2013-10-30 18:00:00,2013-10-30 18:01:00,22.932079257398673,22.866833117901624,False,-2.6216819230342687
SILVER,-1.531464058908126,STOP_SAME,0,2013-10-30 18:15:00,2013-10-30 18:16:00,22.88857929848775,22.801016861961596,False,-2.0583089730570734
SILVER,0.16777943825080127,T1_T2,4,2013-11-01 15:18:00,2013-11-01 16:28:00,21.81037052340194,21.88399652814785,True,0.2351793306367811
SILVER,-1.9726883636715584,STOP,3,2013-11-04 01:02:00,2013-11-04 02:48:00,21.833265963564063,21.774143734770128,False,-2.7522060433975906
GOLD,-0.592544252010845,T1_T2,3,2013-11-04 07:56:00,2013-11-04 09:25:00,1312.8779164838159,1314.8484933258708,True,-0.8748462197947716
GOLD,-2.345488890389472,STOP_SAME,0,2013-11-04 18:08:00,2013-11-04 18:09:00,1316.1584626033723,1313.2816271027373,False,-3.5246045022157113
SILVER,-1.7627137293661237,STOP_SAME,0,2013-11-04 18:00:00,2013-11-04 18:08:00,21.777568298026203,21.720556008388083,False,-2.8497430861282917
GOLD,-1.9752330713191857,STOP_SAME,0,2013-11-04 18:16:00,2013-11-04 18:17:00,1316.1660006515137,1313.1987855722791,False,-3.3863216776032825
SILVER,-1.4939294980279232,STOP_SAME,0,2013-11-06 16:06:00,2013-11-06 16:07:00,21.85182458927575,21.792546152367297,False,-2.7472399576427264
SILVER,-1.3968505627004422,STOP_SAME,0,2013-11-06 16:20:00,2013-11-06 16:21:00,21.846816069724905,21.786916471951965,False,-2.718061396693282
GOLD,-0.23931865238514285,T1_T2,7,2013-11-06 16:07:00,2013-11-06 20:21:00,1315.9220417425236,1318.446242850332,True,-0.44009156075274547
GOLD,-1.9067341072653794,STOP_SAME,0,2013-11-08 12:30:00,2013-11-08 12:39:00,1308.2567634422373,1305.6263619110455,False,-3.9625315621119284
GOLD,-0.3628611047303418,T1_T2,1,2013-11-08 13:03:00,2013-11-08 13:15:00,1308.0459898049673,1310.065752673209,True,-0.8189956365073364
GOLD,-0.7718766145457308,T1_STOP,3,2013-11-12 15:23:00,2013-11-12 16:00:00,1279.0677991438122,1275.8493140502455,True,-1.7711757751035397
GOLD,-1.257722672071949,STOP_SAME,0,2013-11-12 16:01:00,2013-11-12 16:02:00,1278.8705103452062,1275.6701283945554,False,-2.9920028297549686
GOLD,-0.048010489934519174,T1_T2,5,2013-11-13 14:58:00,2013-11-13 16:06:00,1273.0853067025025,1276.1521030411798,True,-0.1214818800577053
GOLD,-0.6115325169129531,T1_STOP,2,2013-11-13 17:32:00,2013-11-13 18:04:00,1272.6043790069696,1269.1045740634147,True,-1.5511413787737556
GOLD,-1.0039336013226305,STOP_SAME,0,2013-11-13 18:05:00,2013-11-13 18:06:00,1272.253856124408,1268.6431325087792,False,-2.6279873659603723
GOLD,-1.1716471175579644,STOP,2,2013-11-14 11:16:00,2013-11-14 12:09:00,1282.42855562316,1279.4302290140208,False,-3.2371533943991557
GOLD,-1.055542067667354,STOP,1,2013-11-14 12:20:00,2013-11-14 12:42:00,1282.0058602456545,1278.9123269917754,False,-3.1182509353863357
SILVER,-0.7494887978464689,STOP,2,2013-11-14 13:47:00,2013-11-14 14:18:00,20.705397110507736,20.639192150683396,False,-2.3613853217051948
SILVER,0.06140901254042659,T1_T2,4,2013-11-14 14:19:00,2013-11-14 15:20:00,20.697156833964684,20.764588523678242,True,0.2030695038653072
SILVER,0.05097016536434168,T1_T2,3,2013-11-14 18:59:00,2013-11-14 20:56:00,20.71450422092663,20.779507431201328,True,0.16786817510367094
GOLD,0.026755075411882268,T1_T2,9,2013-11-14 18:56:00,2013-11-15 02:01:00,1285.1999703833576,1288.9224605859004,True,0.08811675716665163
GOLD,-1.1549925085140809,STOP,2,2013-11-18 01:00:00,2013-11-18 01:53:00,1287.1810903487337,1284.509974391059,False,-3.7845453128237634
SILVER,-0.9636903662840801,STOP,1,2013-11-18 01:53:00,2013-11-18 02:24:00,20.714968760029144,20.668590172856998,False,-3.4162908188165537
GOLD,-1.0272998761121652,STOP_SAME,0,2013-11-18 09:06:00,2013-11-18 09:08:00,1285.5455541174867,1282.9368626105413,False,-3.9088633711920133
GOLD,-0.06760654075634018,T1_T2,9,2013-11-19 16:01:00,2013-11-19 19:59:00,1273.2745585133744,1275.9972997549262,True,-0.2790580504293917
GOLD,-0.9536291844880193,STOP,3,2013-11-20 06:13:00,2013-11-20 07:43:00,1273.468249862295,1270.9059840595025,False,-3.958366762164649
SILVER,-0.5342544158824387,STOP_SAME,0,2013-11-20 09:35:00,2013-11-20 09:42:00,20.35076632761804,20.287181808206324,False,-2.4082629346905122
GOLD,-0.08984590571664405,T1_T2,5,2013-11-22 05:49:00,2013-11-22 11:05:00,1242.2315845162575,1244.6368843013156,True,-0.42549309818855685
SILVER,0.06771450264565897,T1_T2,5,2013-11-22 10:30:00,2013-11-22 12:13:00,19.898821896663325,19.973386045476513,True,0.3232695261877367
GOLD,-0.08875538212788367,T1_T2,4,2013-11-22 11:13:00,2013-11-22 12:11:00,1241.9771052418591,1244.384331172088,True,-0.42393622491952354
GOLD,-0.6216966468759151,STOP,10,2013-11-22 17:28:00,2013-11-25 00:30:00,1243.6583458140205,1240.5304768315002,False,-2.9754877921511267
GOLD,-0.6332755305964278,STOP,1,2013-11-26 11:56:00,2013-11-26 12:04:00,1250.8384376554975,1247.9030855176181,False,-3.222686503927004
GOLD,-0.5068356907614738,STOP_SAME,0,2013-11-27 14:32:00,2013-11-27 14:42:00,1248.5760071246668,1245.2007311282305,False,-2.7569397241836096
GOLD,-0.4712338283630927,STOP_SAME,0,2013-11-27 14:46:00,2013-11-27 14:55:00,1247.9265539732412,1244.4984052159318,False,-2.712867125988994
GOLD,-0.2569676281275435,T1_STOP,1,2013-12-01 23:00:00,2013-12-02 01:19:00,1249.2140416867871,1245.7984196142315,True,-1.5642187992550711
SILVER,-0.38588507939459504,STOP,1,2013-12-01 23:00:00,2013-12-02 01:19:00,19.972013902360015,19.908059838793562,False,-2.358469056411077
GOLD,-0.3919243452128305,STOP,1,2013-12-02 01:20:00,2013-12-02 01:38:00,1248.879524751168,1245.2778525970914,False,-2.5883002292639357
SILVER,-0.313463533224199,STOP,1,2013-12-02 01:33:00,2013-12-02 02:41:00,19.950181531111603,19.879798299758647,False,-2.1831516904408215
GOLD,-0.2174620547584239,T1_STOP,3,2013-12-03 13:29:00,2013-12-03 14:09:00,1220.8819317723312,1217.5720221160695,True,-1.5836872929163668
GOLD,-0.36677435304345174,STOP,1,2013-12-03 14:10:00,2013-12-03 14:18:00,1220.4837332212135,1217.1861681302084,False,-2.7584378126994413
GOLD,-0.18247683391543862,T1_STOP,9,2013-12-03 19:04:00,2013-12-04 07:36:00,1219.8244825869751,1216.311281116612,True,-1.4525053099557217
GOLD,-0.34472673128927345,STOP,2,2013-12-05 07:07:00,2013-12-05 07:37:00,1237.6460368845599,1234.3800648542338,False,-2.82610396576659
GOLD,-0.20594745455410216,T1_STOP_SAME,0,2013-12-06 13:24:00,2013-12-06 13:29:00,1227.30587448109,1224.2381436501835,True,-1.789525372877412
GOLD,-0.2787932194527131,STOP_SAME,0,2013-12-06 13:30:00,2013-12-06 13:30:00,1227.166089056629,1223.5111992589682,False,-2.5124199666019678
GOLD,-0.2167414848302867,STOP,2,2013-12-06 18:25:00,2013-12-06 19:18:00,1228.6367626188069,1223.9307701401137,False,-2.0565631000541162
SILVER,-0.19952006959104918,STOP_SAME,0,2013-12-06 19:18:00,2013-12-06 19:23:00,19.50156016951164,19.422217505643022,False,-1.9743649063744375
GOLD,-0.2132774890074962,STOP,1,2013-12-06 19:19:00,2013-12-06 19:32:00,1228.501667566934,1223.9647726156102,False,-2.1105024195267776
SILVER,0.046330555000446375,T1_T2,5,2013-12-06 19:41:00,2013-12-08 23:34:00,19.490000918729898,19.58360985043283,True,0.49925508721489925
GOLD,-0.262741195581155,STOP,4,2013-12-11 00:45:00,2013-12-11 07:16:00,1259.2712732282587,1255.9221561376742,False,-2.8032911140027834
GOLD,-0.34100384781780657,STOP_SAME,0,2013-12-11 07:37:00,2013-12-11 07:40:00,1257.4363919801735,1254.8600673107103,False,-3.8544072264609652
GOLD,-0.25464083301823104,STOP,2,2013-12-16 04:47:00,2013-12-16 09:00:00,1234.5215942619425,1231.5429678320982,False,-3.118646419629037
GOLD,-0.30175769778144323,STOP_SAME,0,2013-12-16 09:02:00,2013-12-16 09:08:00,1233.847291905676,1231.357608201033,False,-3.9415433936620596
GOLD,0.0014378749459622933,T1_T2,4,2013-12-16 20:33:00,2013-12-17 06:01:00,1240.6705213254568,1244.0434780981086,True,0.020388707452555818
GOLD,-0.15752644491720694,T1_STOP,8,2013-12-18 09:57:00,2013-12-18 13:30:00,1232.0242854700873,1229.3331615104028,True,-2.232775159870644
GOLD,-0.2383640568498268,STOP_SAME,0,2013-12-18 14:42:00,2013-12-18 14:44:00,1231.5552115018147,1228.8701371110594,False,-3.5364887598308665
SILVER,-0.0025909512027847623,T1_T2_SAME,0,2013-12-18 15:04:00,2013-12-18 15:07:00,19.908309504772053,19.959564912999117,True,-0.04136649509709997
SILVER,-0.008204451012470037,T1_T2,3,2013-12-18 16:45:00,2013-12-18 17:51:00,19.92148904778823,19.969111134132046,True,-0.1310987260960726
SILVER,-0.0023588277259014856,T1_T2_SAME,0,2013-12-18 18:55:00,2013-12-18 18:56:00,19.9478748644062,19.99939022087491,True,-0.03779073805161043
GOLD,-0.16612805403819925,STOP_SAME,0,2013-12-18 19:00:00,2013-12-18 19:01:00,1230.994795473425,1227.5494758708867,False,-2.6635478188163875
GOLD,0.024412290294034484,T1_T2_SAME,0,2013-12-18 19:42:00,2013-12-18 19:44:00,1230.3792670952348,1235.5747849456493,True,0.41342843672023283
SILVER,-0.09913825913133059,STOP,1,2013-12-18 20:29:00,2013-12-18 20:34:00,19.931101349559466,19.821666415489183,False,-1.6651634863340248
SILVER,-0.0958054265420303,STOP_SAME,0,2013-12-18 20:43:00,2013-12-18 20:43:00,19.919422792206372,19.809979228329478,False,-1.6646213091345035
GOLD,-0.009983048127898176,T1_T2,5,2013-12-20 10:39:00,2013-12-20 12:15:00,1193.307871345079,1196.0546769753469,True,-0.17942930904432347
GOLD,-0.15812176062177646,STOP_SAME,0,2013-12-20 13:01:00,2013-12-20 13:11:00,1193.3533804866122,1190.2318373597423,False,-2.8522209635682536
GOLD,-0.1457523422527615,STOP,1,2013-12-20 13:18:00,2013-12-20 13:30:00,1193.0019217646602,1189.8123045838315,False,-2.7881480673346815
SILVER,-0.10748080267127086,STOP,1,2013-12-23 01:04:00,2013-12-23 01:41:00,19.352571966305696,19.28406098247966,False,-2.1774598712316884
SILVER,0.017125791111839178,T1_T2,5,2013-12-23 04:11:00,2013-12-23 09:26:00,19.336336956957656,19.41255177182764,True,0.3627498700652403
GOLD,-0.08578803113343925,T1_STOP,7,2013-12-23 01:30:00,2013-12-23 09:45:00,1201.2479544505352,1198.2747209108536,True,-1.817118808911238
GOLD,0.03019783732705964,T1_T2,13,2013-12-26 20:11:00,2013-12-27 13:52:00,1210.8458051403684,1218.6564213518288,True,0.6587980691822864
GOLD,-0.17345916632934605,STOP,2,2013-12-30 00:19:00,2013-12-30 01:18:00,1213.0839395150363,1210.5429702874349,False,-3.7349849311261156
GOLD,-0.16720252854256465,STOP_SAME,0,2013-12-30 01:19:00,2013-12-30 01:20:00,1212.8882567492444,1210.419259769997,False,-3.890914937324091
GOLD,-0.10853525921910409,STOP,3,2014-01-02 09:20:00,2014-01-02 12:24:00,1219.4774036032245,1216.1591676288372,False,-2.7388184391910646
SILVER,0.024954912647795355,T1_T2,1,2014-01-02 12:36:00,2014-01-02 13:04:00,19.878446578715305,20.00875124627968,True,0.6662141897555627
GOLD,0.005508437350101461,T1_T2_SAME,0,2014-01-02 13:18:00,2014-01-02 13:23:00,1216.6401757975332,1220.3693354289207,True,0.1451235149008018
SILVER,-0.0766705962893106,STOP,2,2014-01-02 20:37:00,2014-01-02 21:03:00,20.035982489956623,19.956869351808407,False,-2.0140929717112135
GOLD,-0.0047770076139871075,T1_T2,3,2014-01-02 20:35:00,2014-01-03 00:37:00,1223.0974564413825,1226.0343840019434,True,-0.12548927394325995
GOLD,-0.0701041771136584,T1_STOP,5,2014-01-03 11:30:00,2014-01-03 13:03:00,1230.4659289142894,1227.528105440456,True,-1.9239247794555554
GOLD,-0.12362068340328775,STOP,1,2014-01-03 13:04:00,2014-01-03 13:21:00,1229.975809753646,1227.2895314802547,False,-3.528387954639424
SILVER,-0.08123896232670474,STOP_SAME,0,2014-01-03 20:04:00,2014-01-03 20:08:00,20.133169303777255,20.07273686869987,False,-2.494777534494375
GOLD,-0.1056336090059875,STOP_SAME,0,2014-01-06 00:00:00,2014-01-06 00:09:00,1234.8980193650134,1232.1319377913037,False,-3.4142728378326526
GOLD,-0.08141466459496753,STOP,3,2014-01-06 08:29:00,2014-01-06 09:01:00,1237.987148858044,1234.7183090743267,False,-2.8243327939967666
GOLD,-0.06909725908609769,STOP_SAME,0,2014-01-06 15:14:00,2014-01-06 15:14:00,1237.5782560041011,1233.9369873684925,False,-2.5405398078378694
GOLD,0.012051595642884263,T1_T2,2,2014-01-06 15:15:00,2014-01-06 15:48:00,1237.1509547709395,1242.7996422493545,True,0.46682805263476357
SILVER,0.012360943417636027,T1_T2,1,2014-01-06 18:46:00,2014-01-06 19:12:00,20.11971357131851,20.212646244962134,True,0.47438178789873764
GOLD,0.01049057104964677,T1_T2,11,2014-01-06 18:21:00,2014-01-07 06:32:00,1237.8436396667155,1242.9922158161291,True,0.4026016204806729
SILVER,-0.05315868693803371,STOP,3,2014-01-07 07:33:00,2014-01-07 08:20:00,20.14749520362566,20.067401181746774,False,-2.0049303272743986
GOLD,-0.08273238209607206,STOP,2,2014-01-07 07:46:00,2014-01-07 08:22:00,1239.5444864872773,1236.5551303624627,False,-3.120330306604895
SILVER,-0.0493405538221365,STOP,1,2014-01-07 08:22:00,2014-01-07 08:32:00,20.12889386226511,20.052690497594643,False,-2.0734669878381213
GOLD,-0.014977714275611701,T1_T2,2,2014-01-09 08:50:00,2014-01-09 09:36:00,1224.894415041969,1226.9582374178165,True,-0.6566480179351567
GOLD,-0.044708510387523215,T1_STOP,1,2014-01-09 13:45:00,2014-01-09 14:11:00,1226.2499133242798,1223.3790512685657,True,-1.9861802184341824
GOLD,-0.06863308973847798,STOP_SAME,0,2014-01-09 14:12:00,2014-01-09 14:13:00,1226.1102064575027,1223.196839715775,False,-3.1751609800431826
GOLD,-0.011137683614663512,T1_T2,10,2014-01-10 09:09:00,2014-01-10 13:16:00,1232.3247567127282,1234.5331247423815,True,-0.550200253986857
SILVER,-0.001830353165646989,T1_T2,1,2014-01-10 13:28:00,2014-01-10 13:30:00,19.722730266921605,19.771416334107524,True,-0.09142527419995068
