symbol,pnl,exit_reason,bars_held,entry_time,exit_time,entry_price,exit_price,r_multiple,stop_dist_atr
GOLD,21.90210526315774,TARGET_SAME,0,2020-01-02 13:18:00,2020-01-02 13:20:00,1532.9,1544.3000000000002,1.095105263157887,0.585761196505062
SILVER,12.211730157894342,TARGET_SAME,0,2020-01-02 13:15:00,2020-01-02 13:25:00,18.02,18.08,0.5974999999999808,1.1895559777149793
SILVER,-26.28531229149948,STOP,4,2020-01-02 13:46:00,2020-01-02 14:59:00,18.2,17.982,-1.2709100000000044,4.5221800847470615
GOLD,-23.597133186576635,STOP,14,2020-01-02 13:57:00,2020-01-02 17:21:00,1558.5,1524.2742,-1.1409349908256847,2.3962917865522937
SILVER,-72.982676815482,STOP_SAME,0,2020-01-02 18:04:00,2020-01-02 18:10:00,18.07,18.031950000000002,-3.707597499999997,0.19284647745914532
SILVER,-51.14653132046925,STOP,2,2020-01-03 00:00:00,2020-01-03 00:39:00,18.09,18.04194,-2.806397999999879,0.6496696640578554
GOLD,22.779454121000434,TARGET,17,2020-01-02 20:03:00,2020-01-03 01:32:00,1541.3,1559.8999999999996,1.2499032258064398,0.5137727607780916
GOLD,18.46469040222613,TARGET_SAME,0,2020-01-03 01:30:00,2020-01-03 01:32:00,1539.5,1549.6999999999998,1.0457058823529217,0.5957084539643163
SILVER,-24.557713056098034,STOP,71,2020-01-03 01:45:00,2020-01-03 19:40:00,18.22,18.05193,-1.3622795333333475,1.436550462852612
SILVER,-37.56736455376045,STOP,1,2020-01-06 06:15:00,2020-01-06 06:39:00,18.498479999999997,18.431549999999998,-2.142327351485228,0.5267611155266674
SILVER,12.784696503007233,TARGET,12,2020-01-06 10:18:00,2020-01-06 13:29:00,18.42,18.495000000000005,0.7617000000000458,0.9886464524669162
SILVER,-26.4243969551439,STOP_SAME,0,2020-01-06 15:17:00,2020-01-06 15:22:00,18.43,18.31167,-1.5507166999999806,2.063119264438772
SILVER,16.15663089960981,TARGET,2,2020-01-07 13:47:00,2020-01-07 14:20:00,18.2,18.305,0.9785000000000023,1.633078254257913
SILVER,-29.97833690342771,STOP,1,2020-01-07 14:47:00,2020-01-07 15:00:00,18.27,18.1818,-1.78074,1.0075772207812304
SILVER,-25.127501520437615,STOP_SAME,0,2020-01-07 15:46:00,2020-01-07 15:52:00,18.33,18.21177,-1.5477177000000022,0.8192676441336705
SILVER,-59.17960173959338,STOP_SAME,0,2020-01-07 21:30:00,2020-01-07 21:30:00,18.43,18.39159,-3.761579500000028,0.3789792368077243
GOLD,25.2718592757882,TARGET,262,2020-01-03 01:54:00,2020-01-07 23:24:00,1565.0,1613.6000000000001,1.4018950617283954,2.2650647712249232
SILVER,15.08373254325624,TARGET,2,2020-01-07 21:46:00,2020-01-07 23:23:00,18.47,18.589999999999996,1.03674999999999,1.477795948511583
GOLD,19.95610632643233,TARGET_SAME,0,2020-01-07 23:18:00,2020-01-07 23:24:00,1591.6,1615.6,1.29955,1.0183407627634118
SILVER,13.904042315695708,TARGET_SAME,0,2020-01-07 23:16:00,2020-01-07 23:23:00,18.48,18.57,0.8825000000000164,0.9143853312012543
SILVER,-19.22295193519171,STOP,35,2020-01-07 23:41:00,2020-01-08 08:18:00,18.76,18.46152,-1.1989340000000002,3.2026920542218584
GOLD,-17.660270529411513,STOP,48,2020-01-07 23:41:00,2020-01-08 11:33:00,1625.0,1576.3221,-1.101469683651805,2.5852123318078304
GOLD,16.894493560193155,TARGET,3,2020-01-10 07:04:00,2020-01-10 07:59:00,1556.2,1568.0500000000002,1.1045253164557007,0.8536334623844954
GOLD,-18.343388326867203,STOP_SAME,0,2020-01-10 08:05:00,2020-01-10 08:07:00,1578.5,1549.9485,-1.173331425925927,2.8205827419289244
GOLD,15.984152796728086,TARGET_SAME,0,2020-01-10 12:02:00,2020-01-10 12:04:00,1557.7,1568.0500000000002,1.0469927536231942,0.12667962509998637
SILVER,16.322868187324747,TARGET,3,2020-01-10 15:02:00,2020-01-10 15:45:00,18.05,18.17,1.0472499999999882,1.0451418777266828
GOLD,20.057182530904136,TARGET,12,2020-01-10 14:32:00,2020-01-10 17:37:00,1566.3,1588.5,1.2868378378378449,0.679319370125914
GOLD,-18.808222421250996,STOP_SAME,0,2020-01-10 17:37:00,2020-01-10 17:38:00,1590.7,1558.3401000000001,-1.1528876655844147,1.2083326494447362
GOLD,-20.287248767655818,STOP_SAME,0,2020-01-10 18:49:00,2020-01-10 18:57:00,1576.6,1557.8406,-1.2728977093023341,0.4449043087994896
SILVER,-20.035204391872742,STOP,15,2020-01-10 15:45:00,2020-01-10 19:39:00,18.28,18.05193,-1.2590568095238162,0.7259565831684565
SILVER,-42.52522994859967,STOP_SAME,0,2020-01-10 21:47:00,2020-01-10 21:58:00,18.13,18.0819,-2.810396666666828,0.264528653855996
GOLD,-23.303028120276366,STOP,6,2020-01-13 03:01:00,2020-01-13 04:33:00,1563.8,1554.8436000000002,-1.6317626486486523,0.5919643366852808
GOLD,-16.336422351283527,STOP_SAME,0,2020-01-14 15:36:00,2020-01-14 15:37:00,1569.0,1541.9565,-1.1825277058823527,1.0403185670058428
SILVER,-27.902085814292178,STOP,4,2020-01-15 02:30:00,2020-01-15 03:43:00,17.85,17.7822,-2.068644000000008,1.341043658480163
SILVER,-16.79271248152342,STOP,5,2020-01-15 04:30:00,2020-01-15 06:16:00,18.05,17.852130000000002,-1.2987340555555476,0.54943965708481
SILVER,9.875118672398752,TARGET_SAME,0,2020-01-15 13:50:00,2020-01-15 13:59:00,17.86,17.935000000000002,0.7841000000000458,1.4594621174585085
GOLD,17.141165232208355,TARGET,61,2020-01-14 20:29:00,2020-01-15 14:14:00,1559.5,1580.0500000000002,1.2708357664233667,1.0621435547716471
GOLD,-15.158266728380763,STOP,3,2020-01-15 14:14:00,2020-01-15 14:49:00,1582.1,1550.1483,-1.1540772467105265,1.3621169015034276
GOLD,-16.125891475065817,STOP_SAME,0,2020-01-15 14:45:00,2020-01-15 14:48:00,1570.3,1550.5478999999998,-1.2567553791208848,1.19786817390348
SILVER,3.742231180635631,TARGET,3,2020-01-15 18:47:00,2020-01-15 19:31:00,17.99,18.034999999999997,0.2991666666666295,0.6933283105980498
SILVER,-15.11357694467676,STOP_SAME,0,2020-01-15 20:09:00,2020-01-15 20:13:00,18.28,17.99199,-1.201044407407409,2.327983727924583
SILVER,-28.86810077841817,STOP,2,2020-01-16 01:16:00,2020-01-16 02:02:00,18.04,17.982,-2.350550000000046,0.8109116503677851
GOLD,-16.432639217203167,STOP,33,2020-01-15 18:59:00,2020-01-16 05:40:00,1568.4,1551.9465,-1.3136809731543595,0.9008472160996394
SILVER,-13.089684116332277,STOP,1,2020-01-16 17:27:00,2020-01-16 17:33:00,18.33,17.95203,-1.1507000833333287,0.32152902399793915
SILVER,-3.3174141806471322,TARGET,3,2020-01-17 01:45:00,2020-01-17 02:30:00,17.97,18.0,-0.29849999999994964,0.29720391164584203
GOLD,-15.283843271427813,STOP_SAME,0,2020-01-17 05:49:00,2020-01-17 05:57:00,1568.2,1554.444,-1.3834954098360674,0.6911583454850646
SILVER,3.1490761926090656,TARGET,1,2020-01-17 10:37:00,2020-01-17 10:52:00,18.08,18.124999999999993,0.29316666666651064,0.39305519621027935
SILVER,-15.3119032692556,STOP,11,2020-01-17 10:52:00,2020-01-17 13:52:00,18.17,18.02196,-1.4171689230769084,1.8257402677731263
GOLD,-12.655010150216784,STOP,10,2020-01-17 11:02:00,2020-01-17 13:49:00,1583.0,1554.0444,-1.17126439416058,0.7425062743678498
SILVER,-3.1401640530315333,TARGET_SAME,0,2020-01-17 17:00:00,2020-01-17 17:06:00,18.05,18.08,-0.3065000000001274,0.2044092535635093
SILVER,6.053454736608186,TARGET_SAME,0,2020-01-17 18:01:00,2020-01-17 18:04:00,18.08,18.139999999999997,0.5944999999999808,0.7990287657002128
SILVER,-3.199236521984451,TARGET_SAME,0,2020-01-17 18:47:00,2020-01-17 18:53:00,18.09,18.119999999999997,-0.31050000000012745,0.21050035661272629
GOLD,-12.958450785494463,STOP,16,2020-01-17 16:59:00,2020-01-17 20:50:00,1574.8,1555.5429,-1.2648272824858744,0.556732090536881
SILVER,-27.968913630272883,STOP,4,2020-01-19 23:01:00,2020-01-20 00:59:00,18.05,18.00198,-2.8023993333332626,0.8703346898542165
GOLD,-16.110624084885476,STOP_SAME,0,2020-01-20 23:01:00,2020-01-20 23:06:00,1567.1,1558.9395,-1.7100817424242591,0.6257476495766237
GOLD,-10.764861359214276,STOP_SAME,0,2020-01-21 03:13:00,2020-01-21 03:13:00,1592.5,1565.1333,-1.1831136937984532,1.0008321959635764
SILVER,11.038965056338943,TARGET,2,2020-01-22 13:25:00,2020-01-22 13:48:00,17.91,18.12,1.242642857142858,1.823921520692234
SILVER,2.790448591194827,TARGET_SAME,0,2020-01-22 14:15:00,2020-01-22 14:22:00,17.88,17.924999999999997,0.30649999999996336,0.5731514746723516
SILVER,-16.396920313586445,STOP,1,2020-01-22 14:45:00,2020-01-22 15:00:00,17.93792,17.852130000000002,-1.7900478504122592,0.8720095565820097
SILVER,-24.583337798816867,STOP,1,2020-01-22 16:00:00,2020-01-22 16:23:00,17.86,17.81217,-2.7834056666665994,0.5313159923528062
GOLD,-11.539986475695628,STOP_SAME,0,2020-01-22 19:00:00,2020-01-22 19:03:00,1568.7,1554.9435,-1.3836183196721226,0.423992064590036
GOLD,8.364005253402398,TARGET_SAME,0,2020-01-22 21:50:00,2020-01-22 21:55:00,1564.9,1574.9500000000003,1.0313656716418114,0.43655951610198057
SILVER,-2.379614794476023,TARGET,1,2020-01-22 23:18:00,2020-01-22 23:32:00,17.86,17.89,-0.2874999999999492,0.6681726241432968
SILVER,6.442741461446234,TARGET,5,2020-01-22 23:32:00,2020-01-23 00:53:00,17.89,17.965000000000003,0.7829000000000454,1.0021457470489685
GOLD,-10.353694211082013,STOP,8,2020-01-22 23:25:00,2020-01-23 01:26:00,1577.0,1556.7417,-1.25091132085561,1.1651370560449588
GOLD,9.10389487118093,TARGET,1,2020-01-23 04:12:00,2020-01-23 04:17:00,1564.6,1576.8999999999996,1.1168902439024304,0.488024483209838
GOLD,-9.729426540918931,STOP,3,2020-01-23 06:48:00,2020-01-23 07:30:00,1583.0,1553.445,-1.167551607142859,0.5096508531634597
SILVER,-29.845146064132507,STOP,3,2020-01-23 19:43:00,2020-01-23 20:15:00,17.8,17.762220000000003,-3.667110999999974,0.40175691533044394
SILVER,4.551413607639075,TARGET_SAME,0,2020-01-24 14:45:00,2020-01-24 14:47:00,17.9,17.959999999999997,0.603499999999981,0.5133727479768593
SILVER,-8.747764342337828,STOP,160,2020-01-24 15:17:00,2020-01-28 12:14:00,18.27,17.882099999999998,-1.1460867567567588,1.225312685951583
GOLD,-8.802349322741412,STOP,209,2020-01-24 15:16:00,2020-01-29 01:17:00,1594.3,1561.9365,-1.1532381980519475,2.1926764710476325
SILVER,4.551076323473266,TARGET,6,2020-01-29 18:13:00,2020-01-29 19:44:00,17.47,17.529999999999998,0.6249999999999815,0.5783736258387187
GOLD,9.48767937905976,TARGET,24,2020-01-29 15:00:00,2020-01-29 21:09:00,1584.0,1608.3000000000002,1.302944444444452,1.0119031635307099
GOLD,7.345957727543057,TARGET,2,2020-01-29 23:33:00,2020-01-30 00:05:00,1581.4,1590.4,0.9713666666666667,0.3990163173044774
GOLD,-9.939376216902257,STOP_SAME,0,2020-01-30 00:05:00,2020-01-30 00:06:00,1592.7,1574.7237,-1.2892514451219463,0.8181874140421461
GOLD,-9.337993558355773,STOP,56,2020-01-30 00:26:00,2020-01-30 14:35:00,1595.0,1573.9245,-1.2433038205128162,1.2263619248893902
GOLD,-12.313947369289785,STOP_SAME,0,2020-01-30 19:05:00,2020-01-30 19:08:00,1595.0,1586.412,-1.6813445714285664,0.3544059042531558
GOLD,-8.07825611663701,STOP_SAME,0,2020-01-30 19:55:00,2020-01-30 19:56:00,1616.0,1580.6178,-1.1413851420118362,0.7256154231955882
GOLD,-9.144487218241004,STOP,1,2020-01-31 14:45:00,2020-01-31 15:04:00,1600.0,1583.6148,-1.3222172162162162,0.9771585732189705
GOLD,-8.588023078770503,STOP,8,2020-01-31 15:30:00,2020-01-31 17:32:00,1600.7,1581.8166,-1.2754865086705198,1.0683208138328248
GOLD,-7.4124270719964045,STOP_SAME,0,2020-02-02 23:00:00,2020-02-02 23:01:00,1629.3,1590.6078,-1.1297064097035054,0.3957432499217698
GOLD,-8.86351067833757,STOP,4,2020-02-02 23:52:00,2020-02-03 00:46:00,1600.9,1586.8116,-1.3820889280000075,0.6524617969033665
SILVER,-8.397215864339005,STOP,248,2020-01-29 19:45:00,2020-02-03 15:00:00,17.86,17.46252,-1.1389539999999976,1.180357238895877
SILVER,-16.81060309405675,STOP,6,2020-02-04 10:30:00,2020-02-04 12:21:00,17.73,17.682299999999998,-2.7704099999999787,0.4685380460705492
SILVER,-15.816130156542854,STOP,1,2020-02-05 13:00:00,2020-02-05 13:15:00,17.62,17.57241,-2.759413666666548,0.5367195331651666
SILVER,1.753679577942051,TARGET_SAME,0,2020-02-05 13:46:00,2020-02-05 13:51:00,17.62,17.665000000000003,0.3238333333333777,0.2726469698825354
SILVER,-8.654249032471864,STOP_SAME,0,2020-02-05 14:25:00,2020-02-05 14:26:00,17.7,17.592389999999998,-1.5878043333333478,2.0333679331818684
GOLD,-8.639265289652702,STOP,1,2020-02-05 14:15:00,2020-02-05 14:31:00,1566.0,1556.442,-1.5850552499999992,0.6752188204496887
SILVER,-5.926145464055969,STOP_SAME,0,2020-02-05 14:37:00,2020-02-05 14:37:00,17.93,17.5824,-1.1609466666666721,2.41210340347526
SILVER,-13.75859485928789,STOP,2,2020-02-05 21:06:00,2020-02-05 21:40:00,17.62,17.57241,-2.759413666666548,0.5720907893227254
GOLD,-5.6558620832682545,STOP,36,2020-02-05 15:20:00,2020-02-06 02:54:00,1591.1,1554.5439,-1.1343355400000004,1.5819520166037984
SILVER,4.286120635889232,TARGET,31,2020-02-06 01:00:00,2020-02-06 09:06:00,17.66,17.75,0.9098333333333504,0.731063251047441
GOLD,5.736267604943592,TARGET,12,2020-02-06 07:00:00,2020-02-06 10:10:00,1568.0,1586.75,1.24762,1.3963492879814823
GOLD,-7.811068414017716,STOP_SAME,0,2020-02-06 10:53:00,2020-02-06 10:53:00,1575.3,1566.2322,-1.6279109600000046,0.7380555431548461
GOLD,-5.645716414877141,STOP,2,2020-02-06 11:12:00,2020-02-06 11:42:00,1586.3,1562.9355,-1.216226399082567,1.2359443825201843
SILVER,-6.389216783776854,STOP,5,2020-02-06 13:45:00,2020-02-06 15:00:00,17.89,17.742240000000002,-1.410709538461535,1.1214710157066512
SILVER,1.3754049897608551,TARGET_SAME,0,2020-02-06 16:27:00,2020-02-06 16:27:00,17.79,17.834999999999994,0.31249999999984535,0.486395492024315
GOLD,-6.071832208616153,STOP_SAME,0,2020-02-06 16:30:00,2020-02-06 16:39:00,1579.5,1565.2332,-1.3709868661417353,1.1873503168189097
SILVER,-1.221138664380538,TARGET,1,2020-02-06 17:15:00,2020-02-06 17:44:00,17.82,17.85,-0.28349999999994946,0.3306381119248312
SILVER,-15.725300263343861,STOP,1,2020-02-06 18:31:00,2020-02-06 18:54:00,17.83,17.792189999999998,-3.671609500000095,0.2918903913502213
SILVER,-11.591494030217541,STOP_SAME,0,2020-02-07 01:09:00,2020-02-07 01:09:00,17.837819999999997,17.792189999999998,-2.9209205607478013,0.2898619157411909
GOLD,-5.8003556688548885,STOP,40,2020-02-06 17:04:00,2020-02-07 06:28:00,1580.9,1565.7327,-1.3466126985294034,0.7116453427672351
GOLD,-6.252738109459879,STOP_SAME,0,2020-02-09 23:01:00,2020-02-09 23:01:00,1580.0,1571.9265,-1.7269886923076871,0.6804651185890104
GOLD,3.951797048824332,TARGET,2,2020-02-09 23:31:00,2020-02-10 00:27:00,1582.3,1595.1999999999998,1.1305232558139493,0.878347620670671
GOLD,-4.350156784761902,STOP_SAME,0,2020-02-10 00:27:00,2020-02-10 00:28:00,1599.0,1575.5229,-1.2169690821917785,1.274595003044026
GOLD,3.449047562932164,TARGET,6,2020-02-10 07:01:00,2020-02-10 08:41:00,1579.6,1588.8999999999996,0.9889516129032111,0.7859753779497923
GOLD,4.1048895162405294,TARGET,6,2020-02-10 08:38:00,2020-02-10 10:43:00,1583.9,1597.7000000000003,1.1541739130434923,1.1686912017704123
GOLD,-6.0632988801479595,STOP,3,2020-02-10 13:00:00,2020-02-10 14:04:00,1582.3,1573.6248,-1.6663556056338105,1.2948818905495927
GOLD,-4.742382624565718,STOP,9,2020-02-10 15:29:00,2020-02-10 17:33:00,1588.4,1573.2251999999999,-1.348266558823533,1.0004776488464164
GOLD,-12.043100655693056,STOP_SAME,0,2020-02-12 03:15:00,2020-02-12 03:25:00,1572.9714,1569.5288999999998,-3.5187561718500207,0.05748318002208219
GOLD,-5.082367332057181,STOP,2,2020-02-12 16:46:00,2020-02-12 17:28:00,1578.9,1569.429,-1.597383417721501,0.6915654058856995
SILVER,-4.714374325176115,STOP,2,2020-02-13 14:07:00,2020-02-13 14:32:00,17.76,17.64234,-1.530623399999986,0.9311522600400968
SILVER,-4.423857077480757,STOP,6,2020-02-13 15:03:00,2020-02-13 16:36:00,17.74,17.61237,-1.4816579090909159,2.3763870045613267
SILVER,-0.7721226727561916,TARGET,1,2020-02-14 01:13:00,2020-02-14 01:22:00,17.65,17.68,-0.2664999999999488,0.2909614066930812
SILVER,2.853627614654777,TARGET,3,2020-02-17 01:15:00,2020-02-17 02:11:00,17.79,17.895,0.9902142857142878,1.5300535046090602
SILVER,-0.824361706919599,TARGET_SAME,0,2020-02-17 02:03:00,2020-02-17 02:09:00,17.79,17.82,-0.28049999999994907,0.2379327329816609
SILVER,-4.660671184556503,STOP,1,2020-02-17 02:47:00,2020-02-17 03:07:00,17.91,17.80218,-1.5948020000000054,0.9974963802800058
SILVER,-6.611995194606522,STOP_SAME,0,2020-02-17 04:00:00,2020-02-17 04:07:00,17.86,17.80218,-2.337054500000038,0.5057643656672959
SILVER,-4.304712515309922,STOP_SAME,0,2020-02-18 05:17:00,2020-02-18 05:21:00,17.95,17.84214,-1.5961348888888773,1.5979427306594947
SILVER,-4.671875731487852,STOP,2,2020-02-18 07:46:00,2020-02-18 08:24:00,17.917899999999996,17.832150000000002,-1.7893969072165479,1.0164955945357657
SILVER,3.1243086956209685,TARGET,9,2020-02-18 13:31:00,2020-02-18 15:59:00,18.02,18.23,1.2410714285714295,1.3078235330369914
SILVER,-3.8584234212163855,STOP,8,2020-02-18 20:06:00,2020-02-18 23:20:00,18.25,18.12186,-1.4955623636363564,1.2947117048772097
GOLD,4.222790196009688,TARGET,319,2020-02-13 00:16:00,2020-02-19 00:45:00,1593.5,1631.0,1.3710200000000001,2.6887054828028174
SILVER,-0.8214366663330113,TARGET,1,2020-02-19 00:45:00,2020-02-19 01:00:00,18.16,18.189999999999998,-0.3175000000001275,0.3469522302850633
SILVER,-3.740086202894677,STOP_SAME,0,2020-02-19 01:00:00,2020-02-19 01:02:00,18.28,18.14184,-1.4548486666666773,0.18095426630078507
GOLD,2.7703931980804493,TARGET,1,2020-02-19 01:15:00,2020-02-19 01:38:00,1612.5,1624.9499999999998,1.1099457831325144,0.6473046846306446
GOLD,-3.6414042423670545,STOP_SAME,0,2020-02-19 01:30:00,2020-02-19 01:32:00,1617.3,1604.394,-1.4272295575221252,0.5259104684685458
GOLD,2.3605681718689655,TARGET,1,2020-02-19 05:30:00,2020-02-19 05:56:00,1611.0,1619.8500000000001,0.9523983050847541,0.5775812158583017
GOLD,-3.112929116829732,STOP_SAME,0,2020-02-19 05:56:00,2020-02-19 05:57:00,1626.2,1603.7946000000002,-1.232470894230766,0.6193029252987473
GOLD,2.572228010184416,TARGET_SAME,0,2020-02-19 06:17:00,2020-02-19 06:28:00,1613.0,1623.6499999999999,1.0441338028168956,0.6459866127474666
GOLD,2.6719291445628355,TARGET,2,2020-02-19 07:20:00,2020-02-19 07:49:00,1613.5,1624.6000000000001,1.0624189189189244,0.6537048075461279
SILVER,3.2022582048586354,TARGET,43,2020-02-19 01:15:00,2020-02-19 12:07:00,18.32,18.575000000000003,1.2829705882352962,2.203410258489417
GOLD,-3.2746051674570418,STOP,21,2020-02-19 08:18:00,2020-02-19 13:37:00,1625.4,1606.1922,-1.274965465909089,1.062519573783142
SILVER,-3.850916762014879,STOP_SAME,0,2020-02-19 13:34:00,2020-02-19 13:36:00,18.42,18.29169,-1.5001971818181647,1.1463168213865587
SILVER,-3.2953638189528838,STOP,5,2020-02-19 18:10:00,2020-02-19 19:17:00,18.45,18.26172,-1.3234807058823608,1.3432815922508468
GOLD,3.3073400205046166,TARGET,35,2020-02-19 15:26:00,2020-02-20 01:20:00,1625.5,1654.1499999999999,1.3282905759162296,0.7839978887388712
SILVER,-3.635877265619952,STOP,1,2020-02-20 03:32:00,2020-02-20 03:59:00,18.49,18.35163,-1.460096916666684,1.0059473042181077
GOLD,0.8402306889202034,TARGET,3,2020-02-20 21:15:00,2020-02-20 23:13:00,1624.4227999999998,1628.6569999999997,0.34756985971372517,0.10047357760540093
GOLD,-3.4233808787604585,STOP,6,2020-02-20 23:13:00,2020-02-21 00:59:00,1633.9,1620.2781,-1.4063398416666744,0.5634599999452924
SILVER,2.3013980037434476,TARGET,2,2020-02-21 01:30:00,2020-02-21 02:09:00,18.4,18.505,0.9727857142857165,0.5240980912441418
SILVER,-0.82363277524682,TARGET_SAME,0,2020-02-21 02:07:00,2020-02-21 02:09:00,18.4,18.43,-0.34149999999995057,0.13403885022536505
GOLD,2.428131375916089,TARGET,3,2020-02-21 01:32:00,2020-02-21 02:23:00,1628.9,1639.2500000000002,1.0263550724637744,0.7123499945175108
GOLD,2.701111983330151,TARGET_SAME,0,2020-02-21 02:19:00,2020-02-21 02:23:00,1632.0,1644.4499999999998,1.1052469879517912,0.8508164516254054
SILVER,3.227452985500688,TARGET,66,2020-02-21 02:51:00,2020-02-21 19:36:00,18.58,18.849999999999998,1.292055555555555,1.7862844883280833
SILVER,-4.14725763674547,STOP_SAME,0,2020-02-21 20:16:00,2020-02-21 20:16:00,18.62,18.511470000000003,-1.6184607777777609,0.5703720151569404
GOLD,3.5048275169381005,TARGET,112,2020-02-21 02:48:00,2020-02-24 08:16:00,1660.0,1712.1999999999998,1.403097701149422,3.0050886919784516
GOLD,-2.9068035914985373,STOP,27,2020-02-24 08:16:00,2020-02-24 15:00:00,1710.4,1672.6257,-1.140092124653736,1.858524913334133
GOLD,-3.072846845685164,STOP_SAME,0,2020-02-24 16:54:00,2020-02-24 16:57:00,1695.0,1671.7266000000002,-1.2333391944444407,0.5084976867425833
SILVER,-2.865376701408935,STOP,74,2020-02-24 01:16:00,2020-02-24 20:05:00,18.92,18.541439999999998,-1.1556151111111121,2.1122237303357703
GOLD,-2.8189952031948855,STOP,4,2020-02-25 19:49:00,2020-02-25 20:45:00,1673.3,1645.2531000000001,-1.1880853446969692,1.3561299713650927
GOLD,2.516531017840713,TARGET,3,2020-02-26 00:16:00,2020-02-26 01:05:00,1648.3,1660.3,1.086425,0.43358107444156385
GOLD,2.615341439620727,TARGET_SAME,0,2020-02-26 01:49:00,2020-02-26 01:56:00,1652.4,1665.0000000000002,1.105071428571433,0.5069859337039266
GOLD,-2.9170828512490363,STOP,14,2020-02-26 08:32:00,2020-02-26 12:03:00,1670.8,1645.0533,-1.2059150746887977,1.6991563647323702
GOLD,2.8933313458123195,TARGET,8,2020-02-26 16:42:00,2020-02-26 18:37:00,1650.7,1668.8500000000004,1.2256570247934007,0.4200054526873376
GOLD,-2.834650630957082,STOP,5,2020-02-26 19:25:00,2020-02-26 20:35:00,1671.6,1641.1571999999999,-1.1720679583333364,1.9048737180718185
GOLD,2.330906431664929,TARGET_SAME,0,2020-02-27 00:05:00,2020-02-27 00:06:00,1649.2475999999997,1658.9189999999994,0.9869150381537285,0.30524230400168983
GOLD,-2.9485003750073826,STOP,1,2020-02-27 00:21:00,2020-02-27 00:36:00,1667.2,1643.4549,-1.2242423031674174,0.9500156846892939
GOLD,-2.871760756699895,STOP,19,2020-02-27 01:06:00,2020-02-27 07:35:00,1667.9,1643.9543999999999,-1.2223073721973101,1.0284665204842565
SILVER,-6.427747758686524,STOP_SAME,0,2020-02-27 10:04:00,2020-02-27 10:10:00,18.07,18.02196,-2.804398666666571,0.22228089920467514
SILVER,-2.6340831460801875,STOP_SAME,0,2020-02-27 11:24:00,2020-02-27 11:28:00,18.3,18.031950000000002,-1.2175277999999952,0.32415852919990684
GOLD,-2.6058211360427825,STOP,4,2020-02-27 12:39:00,2020-02-27 13:44:00,1672.0,1649.1492,-1.2345259056603717,0.6643650332025133
GOLD,-2.5864062455731616,STOP,6,2020-02-27 14:42:00,2020-02-27 16:06:00,1671.2,1650.1481999999999,-1.256347845360828,1.1585128086057008
GOLD,2.0883382225334564,TARGET,4,2020-03-03 10:01:00,2020-03-03 11:07:00,1602.8,1613.3,1.0405571428571432,0.6684315380885723
SILVER,-4.255752788839869,STOP,2,2020-03-03 11:16:00,2020-03-03 11:50:00,16.85684,16.79319,-2.0772850128095652,0.6314916062767799
GOLD,-3.1093892151550353,STOP,3,2020-03-03 11:32:00,2020-03-03 12:24:00,1611.7,1600.7976,-1.5177309247311843,0.6471470475513768
GOLD,-2.617255673964593,STOP_SAME,0,2020-03-03 12:28:00,2020-03-03 12:29:00,1615.4,1600.9974,-1.3764841718749898,0.6401834747040054
SILVER,1.7316457996193695,TARGET,1,2020-03-03 12:15:00,2020-03-03 12:39:00,16.86,16.949999999999996,0.9364999999999584,1.1266520766064065
SILVER,-4.466492189045129,STOP_SAME,0,2020-03-03 14:36:00,2020-03-03 14:36:00,16.876859999999997,16.82316,-2.371134563212214,0.42619192077920676
SILVER,2.3237495891267246,TARGET,2,2020-03-03 15:00:00,2020-03-03 15:32:00,16.986969999999996,17.237424999999988,1.2950266814397637,2.8462019617012424
GOLD,-2.2744551346407063,STOP,9,2020-03-03 16:54:00,2020-03-03 19:12:00,1655.5,1632.9653999999998,-1.2355533684210562,1.2900789109335
SILVER,-3.6407144385498222,STOP_SAME,0,2020-03-03 19:32:00,2020-03-03 19:37:00,17.17,17.102880000000003,-2.027857599999955,0.3611379309737221
SILVER,-3.937840131303178,STOP,1,2020-03-03 21:17:00,2020-03-03 21:38:00,17.18,17.12286,-2.286071500000059,0.3314209533219339
GOLD,1.9653010739847951,TARGET,5,2020-03-03 20:48:00,2020-03-03 23:12:00,1644.8,1658.6,1.140934782608685,0.537780220964132
GOLD,2.0607141956819577,TARGET,1,2020-03-03 23:08:00,2020-03-03 23:17:00,1651.6499999999999,1669.725,1.2243672199170206,0.7039707901498892
SILVER,-3.9509211788364302,STOP,3,2020-03-04 02:42:00,2020-03-04 03:25:00,17.25,17.192790000000002,-2.291319749999993,0.4677104655034467
SILVER,-3.3492243649510627,STOP,1,2020-03-04 05:15:00,2020-03-04 05:35:00,17.3,17.23275,-2.0356549999999984,0.8234316656241661
GOLD,-1.958811718793592,STOP,30,2020-03-03 23:17:00,2020-03-04 07:03:00,1675.0,1636.9614,-1.1360044340659337,1.416780070685284
GOLD,-2.0487404681607466,STOP,12,2020-03-04 10:32:00,2020-03-04 13:38:00,1655.0,1638.4598999999998,-1.331111402684567,0.9377666472239484
GOLD,-2.421650604885537,STOP_SAME,0,2020-03-04 17:53:00,2020-03-04 17:53:00,1649.7,1640.0583000000001,-1.6164322874999875,0.6631063734160318
SILVER,-3.9554300873671133,STOP,2,2020-03-05 15:45:00,2020-03-05 16:19:00,17.31,17.26272,-2.7284240000001234,0.468965198654514
SILVER,1.1037472334523442,TARGET,3,2020-03-05 16:45:00,2020-03-05 17:42:00,17.33,17.404999999999994,0.8052999999999606,0.6984995699892511
SILVER,0.4769924672049234,TARGET_SAME,0,2020-03-05 17:31:00,2020-03-05 17:42:00,17.34,17.385,0.3425000000000438,0.5481394569640992
GOLD,1.7895318818582102,TARGET,19,2020-03-05 13:16:00,2020-03-05 18:00:00,1663.8,1682.6999999999998,1.2344047619047602,1.2320335432192995
SILVER,1.4395499475136981,TARGET,7,2020-03-05 18:00:00,2020-03-05 19:53:00,17.41,17.515,1.0010714285714308,1.0677227297631104
SILVER,-0.3586326543513201,TARGET_SAME,0,2020-03-05 19:50:00,2020-03-05 19:53:00,17.43,17.46,-0.24449999999994826,0.40549842605354586
SILVER,-4.002910865265566,STOP_SAME,0,2020-03-05 21:48:00,2020-03-05 21:51:00,17.45,17.40258,-2.742419333333518,0.2167063993484379
SILVER,-4.994905354090617,STOP_SAME,0,2020-03-06 00:04:00,2020-03-06 00:07:00,17.49,17.45253,-3.620626500000027,0.4495715297996004
SILVER,-4.6121040829426905,STOP,1,2020-03-06 09:02:00,2020-03-06 09:15:00,17.38,17.34264,-3.604132000000057,0.48881988375224406
SILVER,-1.7028987927050283,STOP,13,2020-03-06 10:17:00,2020-03-06 13:30:00,17.45,17.312669999999997,-1.4341055833333394,2.3834701674196648
GOLD,-1.8547022532040938,STOP,81,2020-03-05 18:00:00,2020-03-06 15:23:00,1683.1,1664.1342,-1.2897707630057804,1.0934807224668552
GOLD,-1.4172884733435045,STOP,3,2020-03-08 23:33:00,2020-03-09 00:23:00,1712.0,1691.4069,-1.2696564497354463,1.0386302746788143
GOLD,-1.42033228695408,STOP,1,2020-03-09 07:31:00,2020-03-09 07:55:00,1692.0,1673.8245,-1.3055348181818214,1.0661609354512338
SILVER,-1.3575053435464233,STOP,57,2020-03-10 01:17:00,2020-03-10 15:33:00,17.0,16.80318,-1.281239888888885,2.7617626569518596
GOLD,0.784065582359394,TARGET,1,2020-03-11 04:17:00,2020-03-11 04:39:00,1662.8,1669.55,0.7594777777777777,0.6149033815945031
GOLD,-1.6285904970554075,STOP,6,2020-03-11 04:39:00,2020-03-11 06:29:00,1668.3,1657.6407,-1.5539156333333368,1.1637869525616678
GOLD,-2.027584650654155,STOP,1,2020-03-11 06:29:00,2020-03-11 06:30:00,1665.0,1658.34,-1.9966680000000163,0.6842467762689932
SILVER,-1.6855608155338881,STOP,5,2020-03-11 10:43:00,2020-03-11 12:12:00,17.06,16.97301,-1.7289001428571376,2.082225995614544
GOLD,-1.6602053339516136,STOP,9,2020-03-11 10:54:00,2020-03-11 13:26:00,1668.8,1660.0383,-1.7028927183098836,0.7636333690842075
GOLD,-1.2537249544697657,STOP,1,2020-03-11 13:59:00,2020-03-11 14:08:00,1671.8,1657.0413,-1.3807283435114497,1.3121886918021106
GOLD,-1.8830464628955519,STOP_SAME,0,2020-03-13 11:48:00,2020-03-13 11:49:00,1589.1,1583.3151,-2.1326940714286353,0.41807255064388293
GOLD,-1.2003987827955667,STOP,5,2020-03-13 12:15:00,2020-03-13 13:40:00,1590.5,1577.6208000000001,-1.420116884955745,1.1510216943552138
GOLD,-1.1414356434304178,STOP,3,2020-03-17 00:28:00,2020-03-17 01:05:00,1515.6,1502.496,-1.3898358620689604,0.8144945713248193
GOLD,-1.3867684852166182,STOP,6,2020-03-17 04:02:00,2020-03-17 05:33:00,1502.8,1495.2033000000001,-1.7368366065573746,0.5213554367087924
SILVER,-0.8994089777293596,STOP_SAME,0,2020-03-17 07:19:00,2020-03-17 07:27:00,12.96,12.717270000000001,-1.16698813043478,1.5266550217397343
SILVER,0.9150165457201924,TARGET,1,2020-03-17 22:16:00,2020-03-17 22:36:00,12.73,12.865,1.2156111111111108,0.43580355418134387
SILVER,-0.9448068122566378,STOP,7,2020-03-17 23:19:00,2020-03-18 01:00:00,12.89,12.70728,-1.2253957647058815,0.45789911766346697
SILVER,0.8526418531227604,TARGET,11,2020-03-18 01:32:00,2020-03-18 04:29:00,12.77,12.875,1.1336428571428587,0.5572733118157105
SILVER,-1.192085871121782,STOP_SAME,0,2020-03-18 04:31:00,2020-03-18 04:38:00,12.88,12.79719,-1.5498169999999976,0.7501033203447597
GOLD,-0.9578774065699491,STOP,38,2020-03-17 19:15:00,2020-03-18 05:51:00,1538.0,1519.6788000000001,-1.2725523095238047,1.1569065513643872
SILVER,-1.1624676728342793,STOP_SAME,0,2020-03-19 11:22:00,2020-03-19 11:28:00,12.06,11.988,-1.6008000000000022,0.3339237436818481
SILVER,0.8986958163723832,TARGET,1,2020-03-19 15:15:00,2020-03-19 15:31:00,12.1,12.264999999999999,1.2784999999999989,0.5811632080511813
SILVER,-0.9182882463376316,STOP,22,2020-03-19 15:30:00,2020-03-19 22:10:00,12.15214,12.00798,-1.2738014227334626,0.9964651384468628
SILVER,0.4841657743285763,TARGET,1,2020-03-20 00:00:00,2020-03-20 00:27:00,12.14,12.185000000000002,0.6891666666666973,0.3892321818726471
SILVER,0.8190036443000054,TARGET,3,2020-03-20 00:27:00,2020-03-20 01:07:00,12.2,12.304999999999996,1.1499285714285512,0.5480576381941279
GOLD,-0.9928358961363621,STOP,3,2020-03-20 03:39:00,2020-03-20 04:19:00,1495.6,1481.8166999999999,-1.3626598943089523,0.6951879716275454
SILVER,1.010728787620275,TARGET,15,2020-03-20 01:27:00,2020-03-20 05:04:00,12.372359999999999,12.705899999999996,1.387217754991904,2.788932275202545
SILVER,0.9373201023748836,TARGET,2,2020-03-20 07:18:00,2020-03-20 07:45:00,12.76,12.939999999999998,1.2858333333333243,1.1309584119897225
GOLD,-1.231651897440409,STOP_SAME,0,2020-03-20 10:00:00,2020-03-20 10:03:00,1515.4,1506.8916000000002,-1.647241657142848,0.5793725541523426
SILVER,-0.9048663662306051,STOP,14,2020-03-20 07:45:00,2020-03-20 11:20:00,12.942929999999999,12.74724,-1.2101906193625995,1.651615400032014
GOLD,-0.9583051355601537,STOP,8,2020-03-20 10:16:00,2020-03-20 12:20:00,1517.1,1501.6968,-1.3253235107913777,1.0671749770990429
GOLD,-0.8694218502681929,STOP,3,2020-03-20 20:52:00,2020-03-22 22:35:00,1502.0,1483.8147,-1.2677314191616793,1.4042631265268462
SILVER,-0.8675439561106905,STOP_SAME,0,2020-03-23 16:30:00,2020-03-23 16:31:00,13.0,12.85713,-1.2979009999999942,0.8531016924386797
GOLD,0.9412182392667058,TARGET,36,2020-03-23 12:17:00,2020-03-23 22:28:00,1531.9,1582.7500000000002,1.4081224188790562,3.8233189357138366
SILVER,0.8243048534423835,TARGET,1,2020-03-23 22:21:00,2020-03-23 22:34:00,13.4,13.55,1.230500000000008,0.8425097525889806
SILVER,0.8967559009545177,TARGET,3,2020-03-23 22:30:00,2020-03-23 23:29:00,13.44,13.649999999999999,1.3065000000000047,1.0900705264677308
SILVER,0.9122590467867497,TARGET,2,2020-03-23 23:24:00,2020-03-23 23:51:00,13.573559999999999,13.773899999999998,1.2952421383647788,0.9872552090388758
GOLD,0.8941474013807518,TARGET,12,2020-03-23 22:19:00,2020-03-24 01:24:00,1580.1,1609.0499999999997,1.3347590673575067,1.2902337381153828
GOLD,-0.8839878348008057,STOP,17,2020-03-24 01:17:00,2020-03-24 05:35:00,1606.6,1580.418,-1.1938625203252082,1.5928480833559042
GOLD,0.9954844287648204,TARGET,13,2020-03-24 06:36:00,2020-03-24 09:57:00,1605.5,1645.25,1.377330188679245,1.620680680780154
GOLD,1.0089156409649747,TARGET,4,2020-03-24 09:46:00,2020-03-24 10:51:00,1645.1,1680.35,1.3584914893617024,1.3181262364678301
GOLD,-0.8881055544357969,STOP,15,2020-03-24 10:47:00,2020-03-24 14:33:00,1668.0,1636.2621000000001,-1.1641914318936863,1.4987327720512107
SILVER,1.0432879544979932,TARGET,27,2020-03-24 12:45:00,2020-03-24 19:30:00,14.003989999999998,14.324974999999997,1.3676154726856389,1.2786762056391905
GOLD,0.9385530578175869,TARGET,18,2020-03-24 16:30:00,2020-03-24 22:02:00,1660.0,1680.8500000000001,1.2596510791366924,0.697220929437532
GOLD,0.9652682420377151,TARGET,6,2020-03-24 22:00:00,2020-03-24 23:34:00,1673.9722999999997,1692.680749999999,1.2300695902118939,0.8442169045813267
GOLD,-1.1634590889726888,STOP,5,2020-03-24 23:30:00,2020-03-25 00:45:00,1690.1884999999997,1677.2211,-1.4470310138636902,0.8081630201176329
GOLD,-1.0284457353969967,STOP,1,2020-03-25 05:00:00,2020-03-25 05:25:00,1671.2,1653.8445,-1.3172321337579656,1.3145573809288946
SILVER,-1.060646852847851,STOP,6,2020-03-25 05:51:00,2020-03-25 07:24:00,14.57,14.445540000000001,-1.395232181818181,1.0156314804223332
SILVER,0.8378195522802876,TARGET,1,2020-03-25 09:40:00,2020-03-25 09:53:00,14.59,14.71,1.1337500000000114,0.7711214885899528
SILVER,-1.0098130364224907,STOP,4,2020-03-25 09:45:00,2020-03-25 10:49:00,14.66,14.515469999999999,-1.3361959230769258,0.8865441519199853
SILVER,-1.005578624434749,STOP_SAME,0,2020-03-25 22:01:00,2020-03-25 22:13:00,14.77,14.63535,-1.3671279166666657,0.5684981256621293
SILVER,-1.2368038559922343,STOP,1,2020-03-26 05:45:00,2020-03-26 06:12:00,14.62,14.545440000000001,-1.72875733333334,0.5392542243854941
SILVER,-1.3668168689384375,STOP,2,2020-03-26 09:06:00,2020-03-26 09:32:00,14.574559999999998,14.515469999999999,-1.9789055206463588,0.4522472800051804
GOLD,-0.9040052772148629,STOP,2,2020-03-26 15:17:00,2020-03-26 15:50:00,1661.4597999999999,1646.1522,-1.3627733934611044,1.017626714522558
SILVER,-0.9568611697221097,STOP,5,2020-03-26 15:15:00,2020-03-26 16:43:00,14.82,14.70528,-1.4424528000000068,0.8132078551191084
GOLD,-0.9041938119594196,STOP,6,2020-03-26 16:51:00,2020-03-26 18:29:00,1659.658,1646.8515,-1.444076850690093,0.8180744860120852
GOLD,-0.832851967549813,STOP,3,2020-03-27 00:15:00,2020-03-27 01:00:00,1648.4,1633.4649,-1.3696966090225489,0.8804365558490951
GOLD,-0.8381905662757277,STOP_SAME,0,2020-03-27 01:46:00,2020-03-27 01:51:00,1649.8,1636.362,-1.4173018644067745,0.8263318725544456
GOLD,-0.6542468955055356,STOP,8,2020-03-27 16:20:00,2020-03-27 18:17:00,1656.8552,1619.8785,-1.1385435155224686,1.2969718557843901
GOLD,-0.6255720438866753,STOP,15,2020-03-29 22:15:00,2020-03-30 02:06:00,1673.8721999999998,1628.9694,-1.114009493392986,1.3775579665696904
GOLD,-1.2020090645222519,STOP_SAME,0,2020-03-30 06:22:00,2020-03-30 06:26:00,1646.4447999999998,1640.6577,-2.1892980360934686,0.09601062209069561
GOLD,-0.6097573440527941,STOP,11,2020-03-30 07:20:00,2020-03-30 10:04:00,1648.4467999999997,1616.5818000000002,-1.161446123226257,1.1010632743522597
GOLD,-0.6752397759509584,STOP,4,2020-03-31 02:18:00,2020-03-31 03:19:00,1641.0394,1623.9743999999998,-1.3167619078461654,1.0913638382914823
GOLD,-0.5902023304717938,STOP,11,2020-03-31 04:16:00,2020-03-31 08:44:00,1638.7,1610.388,-1.1820632209737856,2.321965826699794
SILVER,0.38341434589637363,TARGET,3,2020-03-31 14:20:00,2020-03-31 15:13:00,14.24,14.3,0.7864999999999941,0.6704800412832007
GOLD,-0.8907122867701608,STOP,4,2020-04-01 15:45:00,2020-04-01 16:47:00,1602.4008,1594.8036000000002,-1.7988275563258336,0.7946115098631634
GOLD,0.49695382398054166,TARGET,39,2020-04-01 18:48:00,2020-04-02 07:12:00,1601.0,1611.5,1.0410714285714286,1.1483115292079238
GOLD,-0.8772250106683558,STOP,3,2020-04-02 09:49:00,2020-04-02 10:38:00,1606.2045999999998,1598.5998,-1.8002205642341342,1.1246697784603463
SILVER,-0.973139834677256,STOP_SAME,0,2020-04-02 11:00:00,2020-04-02 11:14:00,14.32,14.26572,-2.0716429999999604,0.8208762846164415
GOLD,0.23325673979074416,TARGET,4,2020-04-02 10:44:00,2020-04-02 11:43:00,1604.6029999999998,1609.4074999999993,0.4965624414610157,0.4387364864551665
GOLD,-0.6129814130784262,STOP_SAME,0,2020-04-02 11:43:00,2020-04-02 11:44:00,1619.3,1603.7946000000002,-1.3473737122302132,1.0117864151817113
SILVER,0.2407472548958715,TARGET,1,2020-04-02 11:49:00,2020-04-02 12:00:00,14.32,14.365000000000002,0.5438333333333695,0.5155284462221029
GOLD,-0.9366654855249077,STOP,1,2020-04-02 12:00:00,2020-04-02 12:15:00,1609.6079999999997,1603.5948,-2.093104083484647,0.6874283061574522
SILVER,0.589582136366855,TARGET,1,2020-04-02 12:00:00,2020-04-02 12:22:00,14.48,14.72,1.3175000000000001,0.5081896511244883
GOLD,-1.008714009306138,STOP_SAME,0,2020-04-02 17:00:00,2020-04-02 17:06:00,1636.6,1631.1671999999999,-2.28962294736846,0.5255570611187679
SILVER,0.42465863697182216,TARGET_SAME,0,2020-04-02 17:18:00,2020-04-02 17:26:00,14.65,14.740000000000002,1.0101666666666855,0.6517512746103488
GOLD,-0.7322408339228009,STOP,2,2020-04-02 17:45:00,2020-04-02 18:25:00,1641.4397999999999,1632.8655,-1.7073410328827887,0.708668871753842
SILVER,0.21671294055300036,TARGET_SAME,0,2020-04-02 19:03:00,2020-04-02 19:12:00,14.63,14.675000000000002,0.5231666666667036,0.13892832326492072
SILVER,-0.6811608234983546,STOP,2,2020-04-02 19:29:00,2020-04-02 19:59:00,14.69,14.605379999999998,-1.6273625714285795,0.9604752777975262
SILVER,-0.849222293006396,STOP_SAME,0,2020-04-02 20:45:00,2020-04-02 20:56:00,14.66,14.605379999999998,-2.0971344999999935,0.5881001788625091
SILVER,-0.5583336838334274,STOP,3,2020-04-03 03:40:00,2020-04-03 04:30:00,14.71,14.59539,-1.439153899999987,1.8152476726038238
GOLD,-0.9110384012368318,STOP,1,2020-04-03 04:02:00,2020-04-03 04:30:00,1636.6349999999998,1631.367,-2.3482811554333853,0.5450287073548026
SILVER,-1.1460929650071519,STOP,1,2020-04-03 06:51:00,2020-04-03 07:14:00,14.66,14.62536,-3.1962680000000465,0.2042601769088775
GOLD,-0.7458798513874102,STOP,4,2020-04-03 07:30:00,2020-04-03 08:36:00,1632.8,1627.1712,-2.222192799999989,1.1126425288474602
SILVER,0.24568130956240558,TARGET_SAME,0,2020-04-03 11:49:00,2020-04-03 11:54:00,14.65,14.71,0.7659999999999947,0.3512638713773339
GOLD,-0.6376229099646664,STOP,4,2020-04-03 16:15:00,2020-04-03 17:17:00,1647.1454999999999,1640.358,-1.9580222524536373,0.5954801370902832
GOLD,-0.5144787592036545,STOP,4,2020-04-03 17:48:00,2020-04-03 18:53:00,1647.6459999999997,1638.36,-1.6442592205074906,1.0917147076484057
GOLD,-0.5004714897493421,STOP,3,2020-04-05 23:48:00,2020-04-06 00:35:00,1651.0493999999999,1641.8565,-1.6538805600445043,1.2310923493795858
GOLD,-0.6999881378134781,STOP_SAME,0,2020-04-06 02:25:00,2020-04-06 02:25:00,1649.5478999999998,1644.354,-2.392345302855277,0.436807371167161
SILVER,-0.45540445740231533,STOP,1,2020-04-06 12:00:00,2020-04-06 12:28:00,14.86,14.77521,-1.6346458571428495,0.8140167902739013
SILVER,0.13811213424826851,TARGET_SAME,0,2020-04-06 12:49:00,2020-04-06 12:53:00,14.79,14.834999999999997,0.5124999999999493,0.4735261343309899
GOLD,0.33320578602356055,TARGET,9,2020-04-06 11:55:00,2020-04-06 14:00:00,1674.6729999999998,1691.2824999999996,1.1960213582588242,2.1387030018360993
SILVER,0.37411835370164376,TARGET,13,2020-04-06 14:00:00,2020-04-06 17:21:00,14.93,15.215,1.3413421052631622,2.5837354000815607
SILVER,0.3034772814771196,TARGET,1,2020-04-06 22:45:00,2020-04-06 23:05:00,15.36,15.465,1.0596428571428587,0.48673411973969494
GOLD,0.3830765898926808,TARGET,22,2020-04-06 16:53:00,2020-04-06 23:27:00,1693.7920999999997,1734.430249999999,1.373460442342965,3.2089413830246105
SILVER,0.32551394826791347,TARGET,1,2020-04-06 23:04:00,2020-04-06 23:15:00,15.42,15.54,1.112999999999989,0.96885880798475
SILVER,0.399931533000526,TARGET_SAME,0,2020-04-06 23:15:00,2020-04-06 23:18:00,15.54,15.779999999999998,1.3042500000000035,1.412715340801931
SILVER,0.2752748646994732,TARGET_SAME,0,2020-04-07 04:49:00,2020-04-07 04:59:00,15.59,15.665000000000001,0.8749000000000088,0.25035703970818063
GOLD,-0.6133854615979422,STOP,2,2020-04-07 05:36:00,2020-04-07 06:09:00,1719.6179,1712.286,-1.9159835347727754,0.5999286975295479
SILVER,-0.4230614119496916,STOP,9,2020-04-07 05:40:00,2020-04-07 07:56:00,15.715699999999998,15.55443,-1.3214833905284897,1.568313036716072
GOLD,-0.47921479982365617,STOP,4,2020-04-07 10:49:00,2020-04-07 11:58:00,1707.7,1697.5008,-1.6005177411764728,1.2191179718835805
SILVER,-0.6295382989462023,STOP_SAME,0,2020-04-07 11:45:00,2020-04-07 11:57:00,15.66,15.604379999999999,-2.1721094999999777,0.4511452761570384
GOLD,-0.5519531897303321,STOP,5,2020-04-08 09:45:00,2020-04-08 11:00:00,1688.5,1681.7166000000002,-1.990905215686271,1.1376371023927152
GOLD,-0.434621953822484,STOP,5,2020-04-08 13:01:00,2020-04-08 14:23:00,1690.7890999999997,1681.1172,-1.63270034171561,1.4283041665120844
SILVER,-0.493765927022672,STOP_SAME,0,2020-04-08 16:39:00,2020-04-08 16:42:00,15.33,15.264719999999999,-1.9174943999999994,0.3323390259867835
SILVER,-0.8134013720356157,STOP_SAME,0,2020-04-08 19:32:00,2020-04-08 19:39:00,15.25,15.21477,-3.2847385000000857,0.3576705917663331
GOLD,-0.5570912015205354,STOP,10,2020-04-09 00:48:00,2020-04-09 03:52:00,1684.1825,1678.9194,-2.407872128401937,0.5993483896053804
SILVER,0.10493512958193742,TARGET,1,2020-04-09 06:55:00,2020-04-09 07:10:00,15.33,15.375,0.47650000000000753,0.8200255134108643
SILVER,0.273549226277977,TARGET,19,2020-04-09 07:58:00,2020-04-09 12:42:00,15.47546,15.64865,1.2304338298977937,2.3985575012456013
GOLD,0.26600547320407275,TARGET,4,2020-04-09 11:45:00,2020-04-09 12:47:00,1707.1054,1724.0634999999997,1.1965017690660993,2.15274697595011
SILVER,0.3127176355328146,TARGET,4,2020-04-09 12:49:00,2020-04-09 13:56:00,15.7,15.999999999999998,1.3414999999999995,3.1553897645814155
GOLD,0.3012423982628156,TARGET,17,2020-04-09 12:46:00,2020-04-09 17:10:00,1724.3225999999997,1749.4064999999996,1.2922733845215504,2.7351272135921465
SILVER,-0.2772399459448391,STOP,1,2020-04-09 17:23:00,2020-04-09 17:39:00,16.26,15.87411,-1.1297948918918932,2.774383948080593
GOLD,0.13641200551406607,TARGET,3,2020-04-09 20:16:00,2020-04-12 22:00:00,1735.9342,1741.5354999999997,0.5687510845696221,0.250720047659822
SILVER,-0.29416877810551006,STOP,2,2020-04-09 20:49:00,2020-04-12 22:18:00,16.0,15.774209999999998,-1.2264962380952413,1.025500368536605
GOLD,-0.42742037147632,STOP,1,2020-04-12 22:00:00,2020-04-12 22:19:00,1742.8410999999996,1734.264,-1.7620273201678645,0.6964333659799348
GOLD,-0.36455582926273605,STOP,10,2020-04-12 23:00:00,2020-04-13 01:30:00,1740.4,1729.9683,-1.5979388850574736,0.5624400141682382
GOLD,0.14554406764729597,TARGET,1,2020-04-13 06:00:00,2020-04-13 06:23:00,1734.8330999999998,1741.0327499999994,0.6590172388763174,0.5180110855232267
GOLD,-0.3782256533530719,STOP,25,2020-04-13 06:22:00,2020-04-13 13:15:00,1740.2384999999997,1730.9673,-1.6903105127015001,1.2362914969026686
GOLD,0.24958910019106942,TARGET,5,2020-04-13 14:30:00,2020-04-13 15:56:00,1744.8430999999998,1760.0577499999995,1.1544546686910235,1.6138739852448758
GOLD,-0.42406112429308956,STOP,5,2020-04-13 22:20:00,2020-04-13 23:38:00,1767.0652999999998,1759.5387,-1.9171949421539343,0.8237348419152574
GOLD,-0.40821553552285383,STOP,2,2020-04-14 00:03:00,2020-04-14 00:31:00,1772.4706999999999,1764.9333000000001,-1.9191439513404056,0.8181079555307464
SILVER,0.3008690051683406,TARGET,18,2020-04-13 22:35:00,2020-04-14 03:07:00,15.9,16.245,1.3602391304347827,1.1071065589599827
SILVER,-0.24434387644723207,STOP,9,2020-04-14 03:07:00,2020-04-14 05:25:00,16.25,15.93405,-1.1604468333333333,1.0870938173051183
SILVER,-0.2549773699424746,STOP_SAME,0,2020-04-14 06:31:00,2020-04-14 06:43:00,16.12,15.90408,-1.2397203999999962,1.4971439411552636
GOLD,0.21361194633980424,TARGET,6,2020-04-14 12:30:00,2020-04-14 14:13:00,1770.5687999999998,1782.8219999999992,1.0650045539124173,1.3029470227005744
SILVER,0.26915588797263085,TARGET,8,2020-04-14 12:23:00,2020-04-14 14:23:00,16.13612,16.445299999999996,1.3419298466912466,1.3438220151352862
GOLD,-0.3285597001541166,STOP,3,2020-04-14 14:00:00,2020-04-14 14:57:00,1778.0,1767.4308,-1.6039353181818161,1.554741387407575
SILVER,-0.2433664985719633,STOP,2,2020-04-14 14:23:00,2020-04-14 14:52:00,16.5,16.17381,-1.1576251935483932,1.402926612258917
SILVER,-0.30643297289349136,STOP_SAME,0,2020-04-14 14:48:00,2020-04-14 14:48:00,16.31,16.20378,-1.5414864444444516,0.2937866361416219
SILVER,-0.2281888439857375,STOP,15,2020-04-14 19:18:00,2020-04-15 00:05:00,16.16,15.8841,-1.1844003846153857,1.3649534279171784
GOLD,-0.395412890810552,STOP,1,2020-04-16 01:30:00,2020-04-16 01:51:00,1747.1453999999999,1740.6576,-2.1021627260084124,0.6719694070545812
GOLD,-0.3877112612460286,STOP_SAME,0,2020-04-16 06:00:00,2020-04-16 06:04:00,1749.4477,1743.1551000000002,-2.151681685247507,0.8489046275046456
SILVER,-0.5811443627275661,STOP_SAME,0,2020-04-16 10:31:00,2020-04-16 10:35:00,15.82,15.7842,-3.370210000000074,0.12525574552155108
GOLD,0.18041520047082482,TARGET,22,2020-04-16 06:15:00,2020-04-16 11:51:00,1752.5507999999998,1764.1769999999995,1.0462755070444223,1.7475135569514963
GOLD,-0.26830921757989434,STOP,2,2020-04-16 12:00:00,2020-04-16 12:33:00,1768.2664999999997,1758.1401,-1.6318420605988462,1.634995015213724
GOLD,-0.198511515725079,STOP,8,2020-04-16 14:18:00,2020-04-16 16:20:00,1759.4,1736.5617,-1.248069274881514,2.97608769787556
SILVER,0.13698627600513608,TARGET,4,2020-04-20 11:45:00,2020-04-20 12:46:00,15.38,15.455000000000002,0.8833000000000086,0.6685213997152047
SILVER,-0.2035683867422687,STOP_SAME,0,2020-04-20 12:46:00,2020-04-20 12:57:00,15.57,15.39459,-1.289841187499995,0.15031183139675308
GOLD,-0.29379891915459616,STOP,3,2020-04-20 12:15:00,2020-04-20 13:08:00,1704.7029999999997,1697.301,-1.8944422233912492,0.7715158951649572
SILVER,0.18882841063845762,TARGET,9,2020-04-20 13:29:00,2020-04-20 15:39:00,15.51,15.72,1.276928571428572,1.742233892610305
SILVER,-0.1934069174426416,STOP,11,2020-04-20 15:39:00,2020-04-20 18:16:00,15.72,15.534450000000001,-1.275320294117643,1.4291099454045295
SILVER,-0.17774384639015775,STOP,1,2020-04-21 01:32:00,2020-04-21 01:57:00,15.7,15.45453,-1.2027153478260906,1.6092211523970983
GOLD,-0.21576597580071227,STOP,72,2020-04-20 13:31:00,2020-04-21 09:21:00,1706.6,1693.8045,-1.4590904954955028,1.1583664567868681
GOLD,-0.19993541200015616,STOP,24,2020-04-21 22:22:00,2020-04-22 04:30:00,1710.1,1696.5018,-1.4289749411764792,1.0865557274194098
GOLD,-0.19152055728894185,STOP,19,2020-04-22 07:19:00,2020-04-22 12:19:00,1713.5,1699.299,-1.4091039200000017,1.7860979702447395
SILVER,0.1709226279606928,TARGET,16,2020-04-22 08:42:00,2020-04-22 12:55:00,15.06505,15.252624999999998,1.2575555777688852,1.033292250855989
GOLD,0.15638908023877768,TARGET,5,2020-04-22 16:30:00,2020-04-22 17:59:00,1739.1,1754.2499999999998,1.1541237623762346,0.7768634537914657
GOLD,-0.27747445256370284,STOP_SAME,0,2020-04-22 19:05:00,2020-04-22 19:09:00,1740.0,1733.0652,-2.00151253846152,0.5593762642281113
GOLD,-0.2505424333594092,STOP,9,2020-04-22 19:32:00,2020-04-22 22:58:00,1740.3,1732.6656,-1.88260433898308,0.623654444289697
SILVER,0.18426777982909387,TARGET,46,2020-04-22 12:47:00,2020-04-23 01:35:00,15.25,15.580000000000002,1.359863636363641,1.8213473548401378
GOLD,0.0867119000788,TARGET,7,2020-04-23 04:19:00,2020-04-23 06:03:00,1738.0362999999998,1744.2407499999993,0.6581178710441019,0.4111911166503392
GOLD,-0.2994141398846474,STOP,1,2020-04-23 06:01:00,2020-04-23 06:23:00,1743.5,1737.5607,-2.2429430238095,0.39545811472364467
GOLD,-0.2882064233985178,STOP_SAME,0,2020-04-23 07:03:00,2020-04-23 07:06:00,1743.3415999999997,1737.4608,-2.2603830403709586,0.4466419320160462
GOLD,-0.2063540469373418,STOP,5,2020-04-23 11:00:00,2020-04-23 12:28:00,1755.754,1746.4518,-1.6950497484776403,0.9727011464391726
GOLD,-0.15794201038588032,STOP,14,2020-04-23 13:48:00,2020-04-23 17:22:00,1759.6,1742.5557,-1.3429056013071952,2.135889326004899
SILVER,-0.14818603163787603,STOP,96,2020-04-23 01:35:00,2020-04-24 05:09:00,15.63,15.24474,-1.124688486486485,2.3974301231413535
GOLD,-0.21645790266594483,STOP_SAME,0,2020-04-24 11:45:00,2020-04-24 11:56:00,1761.8,1754.4438,-1.941507821428593,0.4130124041150517
GOLD,-0.1890270278994643,STOP_SAME,0,2020-04-24 12:20:00,2020-04-24 12:22:00,1762.3,1753.6446,-1.7639629855072625,0.9385442132390934
SILVER,-0.12179925653494614,STOP,1,2020-04-27 01:18:00,2020-04-27 01:39:00,15.62,15.34464,-1.1781716923076901,1.6086303234791262
SILVER,-0.12307211274459809,STOP,9,2020-04-27 07:53:00,2020-04-27 11:09:00,15.49,15.264719999999999,-1.2192129523809545,1.236359191635258
SILVER,-0.12018360433129845,STOP,1,2020-04-27 13:09:00,2020-04-27 13:26:00,15.57,15.34464,-1.2203554285714246,1.0448392598134217
GOLD,0.06163685977500584,TARGET,1,2020-04-28 17:15:00,2020-04-28 17:37:00,1723.1214,1729.1535000000001,0.6415241209529201,0.243721078254261
GOLD,-0.1502621006527313,STOP,2,2020-04-28 17:37:00,2020-04-28 18:13:00,1730.0,1718.7795,-1.544134684210516,0.8029835605086779
SILVER,-0.11843501629242269,STOP,3,2020-04-28 17:37:00,2020-04-28 18:19:00,15.34,15.114870000000002,-1.2170708095238068,1.1004724432652633
GOLD,-0.15612343049077837,STOP,2,2020-04-28 18:34:00,2020-04-28 19:06:00,1727.6,1718.4798,-1.6981459189189285,0.22705291267282537
SILVER,-0.11577042396213186,STOP,1,2020-04-28 19:31:00,2020-04-28 19:55:00,15.28,15.114870000000002,-1.3034991333333308,0.9345928163168331
SILVER,-0.2858150945571097,STOP_SAME,0,2020-04-29 01:00:00,2020-04-29 01:00:00,15.38,15.34464,-3.3042319999998133,0.08702761472636936
GOLD,-0.1423599176437067,STOP,26,2020-04-29 00:19:00,2020-04-29 07:33:00,1728.0,1718.28,-1.6457850000000034,0.3810825391102392
SILVER,0.10325850040740507,TARGET,35,2020-04-29 01:52:00,2020-04-29 11:32:00,15.42,15.63,1.2782142857142864,1.1334189546193134
GOLD,-0.10727995209948755,STOP,6,2020-04-29 11:15:00,2020-04-29 12:47:00,1729.1,1713.6846,-1.3765098248175265,0.7826471728724546
SILVER,-0.0932514972038993,STOP,6,2020-04-29 12:09:00,2020-04-29 13:37:00,15.65,15.354629999999998,-1.165623678571431,3.273741933892472
SILVER,-0.16437653293154078,STOP,1,2020-04-29 14:13:00,2020-04-29 14:16:00,15.54,15.4845,-2.16311250000001,0.36493963893825565
SILVER,-0.10993910440399737,STOP,1,2020-04-29 18:45:00,2020-04-29 19:10:00,15.43,15.32466,-1.5121628888888914,0.602427294227409
SILVER,-0.17911557306084264,STOP_SAME,0,2020-04-29 19:02:00,2020-04-29 19:10:00,15.43,15.3846,-2.540486666666687,0.23500602319475442
GOLD,-0.15308771172005264,STOP_SAME,0,2020-04-29 23:47:00,2020-04-29 23:58:00,1733.7319999999997,1727.9703,-2.2875501736112307,0.27943042183545136
GOLD,-0.11725560224972603,STOP_SAME,0,2020-04-30 01:01:00,2020-04-30 01:07:00,1732.7,1724.7735,-1.8361247580645081,0.22692619821523008
SILVER,0.028409795584255486,TARGET,6,2020-04-30 04:29:00,2020-04-30 05:47:00,15.55,15.595000000000002,0.4618333333333727,0.15871173875295744
GOLD,-0.09952391301080615,STOP,20,2020-04-30 05:45:00,2020-04-30 11:07:00,1735.1,1724.7735,-1.6030666860465166,1.0208771361147675
GOLD,-0.09291115794543861,STOP,3,2020-04-30 11:30:00,2020-04-30 12:27:00,1736.3,1725.0732,-1.546123494736833,0.9499401026239804
SILVER,-0.06877174587570384,STOP,1,2020-05-01 17:01:00,2020-05-01 17:15:00,15.25,14.985,-1.180940000000002,0.33784287275435415
GOLD,-0.08235373243989966,STOP_SAME,0,2020-05-01 17:18:00,2020-05-01 17:23:00,1712.0,1698.8994,-1.448377140350864,0.8989518537512176
SILVER,0.04121593761693795,TARGET,2,2020-05-01 18:41:00,2020-05-01 19:00:00,15.04,15.099999999999998,0.7464999999999843,0.36026666044015593
SILVER,0.06142617713636746,TARGET_SAME,0,2020-05-01 19:00:00,2020-05-01 19:07:00,15.105089999999999,15.217724999999998,1.0961803835397492,0.7539803945276382
SILVER,-0.09414787848173335,STOP_SAME,0,2020-05-01 20:46:00,2020-05-01 20:51:00,15.08,14.99499,-1.6440712857142858,0.7444043566821823
GOLD,0.061754891124643094,TARGET,13,2020-05-01 17:45:00,2020-05-03 22:02:00,1710.0,1723.5,1.1184999999999998,0.277671507729135
SILVER,-0.12038943374260726,STOP,1,2020-05-04 04:05:00,2020-05-04 04:20:00,15.05,14.99499,-2.1263747499999788,0.14766826354807375
GOLD,0.06672233922824461,TARGET,28,2020-05-03 23:16:00,2020-05-04 07:17:00,1712.1,1728.1499999999996,1.1784813084112096,0.7705909847583493
GOLD,-0.08279892261068175,STOP,1,2020-05-04 09:26:00,2020-05-04 09:30:00,1725.0,1712.7855,-1.4906938571428612,0.2654555557853133
SILVER,0.04818117390915534,TARGET,2,2020-05-04 11:21:00,2020-05-04 11:47:00,15.11,15.184999999999999,0.8941000000000049,0.16831755393760106
SILVER,-0.06526986064574386,STOP_SAME,0,2020-05-04 11:47:00,2020-05-04 11:47:00,15.36,15.10488,-1.189936999999998,0.17538048227246675
GOLD,-0.06957594302133106,STOP,9,2020-05-04 10:04:00,2020-05-04 12:26:00,1730.0,1710.5877,-1.2911235988700511,1.3064503821000497
SILVER,-0.08592465328543296,STOP_SAME,0,2020-05-04 12:16:00,2020-05-04 12:22:00,15.16,15.07491,-1.6474987142857218,0.9045060770328861
GOLD,-0.010838721576967227,TARGET_SAME,0,2020-05-04 16:47:00,2020-05-04 16:47:00,1713.4,1716.4,-0.21489999999999992,0.1731615896358394
GOLD,-0.0789101470475268,STOP,1,2020-05-04 17:02:00,2020-05-04 17:19:00,1720.5,1709.7884999999999,-1.571309833333346,0.728875119285445
GOLD,0.008719859712845383,TARGET_SAME,0,2020-05-04 17:48:00,2020-05-04 17:52:00,1715.0,1718.8999999999999,0.17926923076918444,0.23794013341987888
GOLD,-0.06744928153419785,STOP_SAME,0,2020-05-04 18:02:00,2020-05-04 18:09:00,1727.3,1712.0862,-1.381717496296296,0.8221129965890331
GOLD,-0.0714026688137895,STOP,2,2020-05-06 07:45:00,2020-05-06 08:20:00,1721.9,1709.9883,-1.504273362745102,0.8487437709852261
SILVER,-0.05323888425012085,STOP,117,2020-05-05 13:26:00,2020-05-06 20:45:00,15.25,14.865120000000001,-1.121608432432432,2.6044189432503844
GOLD,-0.06936958519758638,STOP,3,2020-05-07 11:40:00,2020-05-07 12:28:00,1706.5,1695.4028999999998,-1.5424471170212808,0.1518242767206546
SILVER,0.032144917329606656,TARGET,1,2020-05-07 12:56:00,2020-05-07 13:13:00,15.22,15.280000000000001,0.7374999999999955,1.0380620718211775
SILVER,-0.0011720745136228547,TARGET_SAME,0,2020-05-07 13:54:00,2020-05-07 13:55:00,15.25,15.28,-0.026500000000032612,0.44821231898725244
SILVER,0.032358634941228814,TARGET,1,2020-05-07 15:16:00,2020-05-07 15:43:00,15.33,15.39,0.7319999999999957,0.3446868276513183
GOLD,0.05797665408589901,TARGET,16,2020-05-07 12:52:00,2020-05-07 16:45:00,1717.1,1747.6999999999998,1.3301568627451024,1.403563579017603
SILVER,-0.002967805683643125,TARGET,1,2020-05-07 20:33:00,2020-05-07 20:49:00,15.63,15.660000000000004,-0.06449999999985037,0.10895293775858404
SILVER,-0.12992532728447848,STOP_SAME,0,2020-05-08 00:00:00,2020-05-08 00:00:00,15.615599999999997,15.57441,-2.8273441406251836,0.14966975396533197
SILVER,0.04800441247307898,TARGET_SAME,0,2020-05-08 01:00:00,2020-05-08 01:13:00,15.65,15.77,1.1072499999999892,1.2400322124494392
SILVER,-0.06529075565087035,STOP,1,2020-05-08 02:48:00,2020-05-08 03:06:00,15.85,15.73425,-1.4733425000000073,0.8658096873944761
SILVER,-0.06150830494355999,STOP,3,2020-05-08 06:09:00,2020-05-08 06:56:00,15.85,15.724260000000001,-1.4301296363636313,1.6210524708188345
GOLD,-0.053129021414868596,STOP,74,2020-05-07 16:45:00,2020-05-08 12:45:00,1750.0,1714.7835,-1.1546651791044773,1.5290156018143823
GOLD,-0.047789540123591934,STOP,6,2020-05-08 13:47:00,2020-05-08 15:22:00,1746.1,1714.5837,-1.173724285234901,1.4151328556822202
SILVER,-0.04735490040155545,STOP,22,2020-05-08 13:47:00,2020-05-08 19:29:00,15.96,15.65433,-1.1630494137931033,1.6437360860264871
SILVER,-0.09996259717540729,STOP,3,2020-05-12 09:03:00,2020-05-12 09:48:00,15.78,15.73425,-2.5754750000000532,0.8712241860375308
GOLD,-0.045011256498517525,STOP,1,2020-05-12 10:18:00,2020-05-12 10:41:00,1730.5,1705.6926,-1.2226663463203475,1.4081081883313948
GOLD,-0.042976456228647555,STOP_SAME,0,2020-05-12 10:35:00,2020-05-12 10:35:00,1735.5,1707.5907,-1.1966561335877854,1.3561278907410375
GOLD,-0.04273277114528255,STOP,7,2020-05-12 14:44:00,2020-05-12 16:15:00,1732.1,1706.8914,-1.2190464425531884,0.8561224642335341
GOLD,-0.04183785568304328,STOP,9,2020-05-12 16:52:00,2020-05-12 19:13:00,1728.2,1703.4948,-1.2233432521739176,0.9200443709130701
SILVER,-0.040587494502312915,STOP,20,2020-05-12 14:26:00,2020-05-12 19:18:00,15.99,15.67431,-1.1578476999999974,3.1537874718658894
SILVER,0.023127554940095968,TARGET,1,2020-05-13 14:17:00,2020-05-13 14:32:00,15.76,15.819999999999999,0.7104999999999831,0.6323607689798076
SILVER,-0.07205578802464073,STOP,1,2020-05-13 14:30:00,2020-05-13 14:45:00,15.8,15.74424,-2.182605999999978,0.6390564522443811
SILVER,-0.06883938559908256,STOP,1,2020-05-13 15:29:00,2020-05-13 15:44:00,15.77,15.71427,-2.1803567500000143,0.6525811853918034
SILVER,0.029395558108401117,TARGET_SAME,0,2020-05-13 19:46:00,2020-05-13 19:56:00,15.75,15.84,0.9734999999999896,1.1650190117984731
SILVER,-0.0024165170370268226,TARGET,1,2020-05-13 20:45:00,2020-05-13 22:00:00,15.77,15.799999999999999,-0.0785000000000337,0.18191241183567022
SILVER,0.02128421338095558,TARGET,1,2020-05-14 18:15:00,2020-05-14 18:32:00,16.12,16.180000000000007,0.6925000000000987,0.28722442289008454
SILVER,0.026539832599840583,TARGET,1,2020-05-14 18:30:00,2020-05-14 18:57:00,16.17,16.245000000000005,0.8517000000000446,0.4891145342124531
SILVER,-0.04450688052599708,STOP,2,2020-05-14 19:21:00,2020-05-14 19:50:00,16.26,16.12386,-1.4043654999999968,1.0728195305627821
SILVER,0.03189072851940794,TARGET,9,2020-05-14 20:02:00,2020-05-14 23:21:00,16.21,16.315,1.0353571428571449,0.7322642311488784
SILVER,-0.07367112624947149,STOP_SAME,0,2020-05-14 23:17:00,2020-05-14 23:19:00,16.25624,16.20378,-2.3432676600441886,0.28633630302987145
SILVER,0.03211895112134457,TARGET_SAME,0,2020-05-15 01:07:00,2020-05-15 01:14:00,16.26625,16.380624999999995,1.0718442622950484,0.8277089130178981
GOLD,0.0448977736952247,TARGET,178,2020-05-13 13:45:00,2020-05-15 12:59:00,1740.3,1784.1,1.37930136986301,1.5492860659867793
SILVER,0.04297906044236086,TARGET,47,2020-05-15 01:24:00,2020-05-15 13:09:00,16.51,17.035000000000004,1.404157142857143,4.174123694866698
GOLD,-0.037050105211112794,STOP,5,2020-05-15 12:45:00,2020-05-15 14:00:00,1774.2,1742.5557,-1.175955040133781,1.6124921966901196
GOLD,-0.038146857338442454,STOP_SAME,0,2020-05-15 14:10:00,2020-05-15 14:10:00,1770.5,1743.255,-1.2062256862745058,1.2159010321110748
SILVER,0.03649354556109078,TARGET,2,2020-05-15 14:31:00,2020-05-15 15:11:00,16.88687,17.047174999999996,1.182473612800607,0.7227696788004737
SILVER,0.03733169072095947,TARGET,4,2020-05-15 15:00:00,2020-05-15 16:14:00,16.93692,17.097300000000004,1.1816851851851922,0.7148235422040548
SILVER,0.042311389972740206,TARGET,25,2020-05-15 16:14:00,2020-05-17 23:16:00,17.11,17.38,1.3083888888888886,1.1932983541936395
SILVER,0.03541644633283672,TARGET_SAME,0,2020-05-17 23:15:00,2020-05-17 23:16:00,17.25,17.369999999999997,1.067249999999991,0.7478773460524759
GOLD,0.041432212170591294,TARGET,6,2020-05-18 04:35:00,2020-05-18 06:10:00,1780.6,1799.9499999999998,1.22243798449613,0.5502789691256144
SILVER,-0.06370909627341509,STOP,1,2020-05-18 05:45:00,2020-05-18 06:06:00,17.64,17.56242,-1.8797069999999467,0.672530840017845
GOLD,-0.04085602750933592,STOP_SAME,0,2020-05-18 06:00:00,2020-05-18 06:01:00,1796.0,1770.1281000000001,-1.221494941908713,1.106300510954876
SILVER,-0.05178900957566693,STOP,2,2020-05-18 06:30:00,2020-05-18 07:14:00,17.68,17.57241,-1.5871378888888725,1.0620294087050128
GOLD,-0.03802746665127792,STOP,1,2020-05-18 09:12:00,2020-05-18 09:23:00,1796.2,1768.23,-1.2036041984732815,0.8072274753234664
SILVER,0.024349697998064634,TARGET_SAME,0,2020-05-18 11:00:00,2020-05-18 11:01:00,17.72,17.794999999999995,0.7896999999999595,0.6132938831467409
SILVER,-0.044156080336697746,STOP,3,2020-05-18 11:16:00,2020-05-18 12:09:00,17.85,17.70228,-1.409786769230766,1.53936085543042
SILVER,-0.04670775918692614,STOP_SAME,0,2020-05-18 12:00:00,2020-05-18 12:07:00,17.89,17.772209999999998,-1.5345221000000078,0.9430911333031611
SILVER,0.027030424536008464,TARGET,1,2020-05-19 12:31:00,2020-05-19 12:45:00,17.47,17.559999999999995,0.9161666666666247,1.1501316565546433
SILVER,0.038698807248074105,TARGET,2,2020-05-19 13:06:00,2020-05-19 13:41:00,17.63762,17.889049999999997,1.2880523207254497,2.631275822660601
GOLD,-0.03622833326800663,STOP,1,2020-05-19 14:46:00,2020-05-19 15:04:00,1776.0,1744.254,-1.175541800000003,0.9683630381125238
GOLD,-0.03455770188122092,STOP,3,2020-05-19 16:50:00,2020-05-19 17:34:00,1779.5,1742.256,-1.148331154929575,1.2029310002215392
SILVER,0.017700421058206583,TARGET,1,2020-05-19 18:00:00,2020-05-19 18:24:00,17.93,17.99,0.6019999999999809,0.3847398744432992
SILVER,-0.06974382324596046,STOP_SAME,0,2020-05-19 18:16:00,2020-05-19 18:16:00,17.95,17.89209,-2.343802250000042,0.39695128945272823
SILVER,-0.03531460876512689,STOP,2,2020-05-19 18:49:00,2020-05-19 19:18:00,18.13,17.89209,-1.2451458636363675,1.8055751056643858
SILVER,-0.008061587743763535,TARGET,1,2020-05-20 00:46:00,2020-05-20 01:00:00,17.9,17.93,-0.2914999999999491,0.26479588693461986
GOLD,-0.03388684408749387,STOP,14,2020-05-20 01:50:00,2020-05-20 05:25:00,1775.0,1750.5476999999998,-1.2325043039647618,0.7885025566903672
SILVER,-0.034292582147736096,STOP,26,2020-05-20 01:18:00,2020-05-20 07:49:00,18.128109999999996,17.89209,-1.2472614735683902,2.5424037553858714
GOLD,-0.035425089743304834,STOP,9,2020-05-20 06:47:00,2020-05-20 09:05:00,1766.4,1748.25,-1.3210152439024374,0.5909906606746145
SILVER,-0.03138450252238094,STOP,2,2020-05-20 12:00:00,2020-05-20 12:40:00,18.14,17.89209,-1.2345308260869583,1.977680351435781
GOLD,-0.02825083435111334,STOP,7,2020-05-20 13:00:00,2020-05-20 14:47:00,1782.2,1742.6556,-1.1393982962962974,1.402109368790739
SILVER,-0.03616406962640876,STOP_SAME,0,2020-05-20 17:56:00,2020-05-20 17:58:00,18.14,18.01197,-1.4925633636363622,0.2372256440455946
GOLD,-0.028055337031722843,STOP,30,2020-05-20 15:35:00,2020-05-21 00:20:00,1780.8,1745.6526000000001,-1.1578997784431138,1.220104257536366
GOLD,-0.02785656144422089,STOP_SAME,0,2020-05-22 14:31:00,2020-05-22 14:32:00,1757.8,1731.6666,-1.2140519098360698,0.7340458204968828
GOLD,-0.025644544273893732,STOP_SAME,0,2020-05-22 17:31:00,2020-05-22 17:35:00,1770.1,1732.3659,-1.145460163888886,1.2943217599497379
SILVER,0.03029813325155994,TARGET,35,2020-05-22 12:19:00,2020-05-24 22:07:00,17.58757,17.883924999999998,1.320461127701573,2.720092176912428
GOLD,-0.02657494524873202,STOP,1,2020-05-25 01:59:00,2020-05-25 02:05:00,1755.7,1725.3728999999998,-1.1821039475524489,1.0557842727896574
SILVER,0.007049466142983992,TARGET_SAME,0,2020-05-25 23:45:00,2020-05-25 23:51:00,17.66,17.705000000000002,0.3211666666667112,0.5139686133485918
SILVER,0.02847406483530665,TARGET,10,2020-05-26 00:23:00,2020-05-26 02:45:00,17.81,18.064999999999998,1.2889705882353024,2.5031929363808625
GOLD,-0.026318200336265037,STOP_SAME,0,2020-05-26 04:54:00,2020-05-26 04:55:00,1765.7,1731.5666999999999,-1.161437243827163,1.17979445364297
SILVER,-0.08183039087224592,STOP_SAME,0,2020-05-26 05:31:00,2020-05-26 05:37:00,18.0,17.96202,-3.6971010000001296,0.3132073993361285
SILVER,0.0061047065312627834,TARGET_SAME,0,2020-05-26 06:17:00,2020-05-26 06:20:00,18.01,18.055000000000003,0.2978333333333786,0.4826046812834758
SILVER,-0.07610740714331755,STOP_SAME,0,2020-05-26 08:00:00,2020-05-26 08:00:00,17.96,17.922060000000002,-3.691103000000028,0.27079685451327723
