symbol,pnl,exit_reason,bars_held,entry_time,exit_time,entry_price,exit_price,r_multiple
GOLD,566.5006711409397,TARGET,63,2013-07-08 08:23:00,2013-07-10 23:00:00,1225.5,1270.2000000000003,2.8325033557046986
GOLD,-340.1752078774645,STOP,9,2013-07-11 12:30:00,2013-07-11 14:53:00,1285.2839999999999,1278.5202,-1.7008760393873226
GOLD,-282.20669787234226,STOP,4,2013-07-16 14:31:00,2013-07-16 15:49:00,1294.6,1283.9148,-1.4110334893617114
SILVER,-368.7281795266121,STOP,1,2013-07-16 19:30:00,2013-07-17 07:16:00,19.98,19.89009,-1.854001285714274
GOLD,513.6824239614318,TARGET,28,2013-07-18 14:55:00,2013-07-22 01:31:00,1288.1869,1312.7475999999997,2.6823053292454992
SILVER,201.4662179265816,TARGET,3,2013-07-19 16:59:00,2013-07-22 01:35:00,19.45,19.509999999999998,1.0519999999999585
SILVER,-230.06696410256444,STOP,210,2013-07-22 01:35:00,2013-07-31 15:31:00,19.81,19.40058,-1.150334820512822
GOLD,-234.3278273127754,STOP,247,2013-07-22 01:31:00,2013-08-02 05:30:00,1314.3,1290.3084,-1.171639136563877
GOLD,-625.7823319317051,STOP_SAME,0,2013-08-02 17:15:00,2013-08-02 17:29:00,1312.2,1309.0896,-3.1842720000000955
GOLD,336.3150547437724,TARGET,5,2013-08-07 19:30:00,2013-08-08 04:16:00,1286.2,1292.8000000000002,1.8277272727272966
GOLD,478.5648548305004,TARGET,12,2013-08-08 12:26:00,2013-08-08 15:15:00,1293.0,1308.8999999999999,2.509075471698109
GOLD,449.65142857142854,TARGET,28,2013-08-09 09:45:00,2013-08-11 22:02:00,1310.3,1320.8,2.2482571428571427
SILVER,-298.6133384615349,STOP,2,2013-08-13 15:03:00,2013-08-13 15:30:00,21.46,21.30867,-1.4930666923076745
GOLD,553.8896551724134,TARGET,136,2013-08-11 22:35:00,2013-08-15 16:50:00,1319.8,1354.5999999999997,2.7694482758620667
SILVER,-286.3837625,STOP,24,2013-08-16 16:09:00,2013-08-19 14:02:00,23.15,22.96701,-1.4319188125
GOLD,-247.61907209302257,STOP,35,2013-08-16 18:15:00,2013-08-20 05:43:00,1377.0,1358.4402,-1.2380953604651128
GOLD,-390.39239534883603,STOP,17,2013-08-20 13:31:00,2013-08-21 08:46:00,1367.8,1362.1365,-1.9519619767441803
SILVER,-318.6424039024639,STOP,1,2013-08-21 15:07:00,2013-08-21 15:18:00,23.05,22.917060000000003,-1.6264278181818073
SILVER,-321.0414520587357,STOP,6,2013-08-22 13:45:00,2013-08-22 15:25:00,23.2,23.076900000000002,-1.6937690000000092
SILVER,407.87331919589656,TARGET,5,2013-08-23 12:48:00,2013-08-23 14:04:00,23.09,23.269999999999996,2.227333333333317
SILVER,530.9639552552408,TARGET,14,2013-08-23 14:03:00,2013-08-23 17:36:00,23.22,23.84999999999999,2.77585714285714
GOLD,-313.2136675675643,STOP_SAME,0,2013-08-25 23:30:00,2013-08-25 23:32:00,1401.7,1392.9057,-1.5660683378378215
GOLD,-218.42916900304945,STOP,12,2013-08-27 13:59:00,2013-08-27 18:06:00,1452.3509,1414.1843999999999,-1.1165178349373768
GOLD,-431.2916924934753,STOP,5,2013-08-28 12:09:00,2013-08-28 13:21:00,1425.0,1420.1784,-2.2549348235293483
SILVER,-231.78454198902608,STOP,98,2013-08-26 13:50:00,2013-08-29 05:52:00,24.29,23.876099999999997,-1.1847848717948746
SILVER,-222.67452844406318,STOP,22,2013-09-03 13:01:00,2013-09-04 05:00:00,24.46,24.14583,-1.2509511379310407
SILVER,-587.3311604348623,STOP,6,2013-09-06 18:36:00,2013-09-09 07:08:00,23.87,23.81616,-3.3842053333332385
GOLD,-364.17805061714785,STOP,7,2013-09-06 18:30:00,2013-09-09 10:48:00,1390.1888,1385.0136,-2.098395903716296
SILVER,-221.11600011416908,STOP,27,2013-09-11 12:16:00,2013-09-12 06:44:00,23.1,22.917060000000003,-1.4309816249999896
GOLD,-173.97524967971952,STOP,48,2013-09-16 02:50:00,2013-09-16 20:17:00,1332.0,1305.8928,-1.159076322580644
GOLD,388.4319756720719,TARGET,3,2013-09-18 17:15:00,2013-09-18 18:00:00,1304.0,1326.5,2.6492666666666667
SILVER,-185.67215435595517,STOP,39,2013-09-19 12:23:00,2013-09-20 07:35:00,23.2,22.837139999999998,-1.2026386470588277
SILVER,-195.37491566929194,STOP,13,2013-09-23 15:53:00,2013-09-23 19:41:00,21.91,21.66831,-1.296674136363636
SILVER,-178.4573947915929,STOP,60,2013-09-25 14:56:00,2013-09-27 00:26:00,21.8,21.4785,-1.2159283333333315
GOLD,-179.22516054487863,STOP,411,2013-09-18 18:00:00,2013-10-01 12:30:00,1320.8194999999998,1295.2035,-1.1608800756594484
GOLD,-414.2092445710074,STOP,1,2013-10-03 08:40:00,2013-10-03 09:18:00,1313.0,1309.689,-2.966844499999961
GOLD,-194.46850764733068,STOP,4,2013-10-04 12:33:00,2013-10-04 13:30:00,1323.6222999999998,1314.0846000000001,-1.4807787237147887
SILVER,-412.0434176239633,STOP,1,2013-10-07 20:33:00,2013-10-08 00:58:00,22.36,22.307669999999998,-3.2332556666665884
GOLD,-219.299174582574,STOP,18,2013-10-07 17:06:00,2013-10-08 12:15:00,1325.6,1318.7799,-1.7208145272727113
GOLD,-195.93210208979022,STOP,36,2013-10-15 18:15:00,2013-10-16 13:53:00,1275.8,1269.1296,-1.7065425185185565
SILVER,-163.54541653411928,STOP,3,2013-10-16 13:00:00,2013-10-16 14:10:00,21.33,21.15882,-1.4244588000000111
GOLD,299.44108922832424,TARGET,15,2013-10-17 07:49:00,2013-10-17 12:21:00,1286.4851999999998,1322.4407999999994,2.7823210292694296
GOLD,-175.71225870177085,STOP,29,2013-10-17 15:36:00,2013-10-18 13:27:00,1320.6192999999998,1312.0866,-1.5466050586622166
GOLD,-161.7808506467471,STOP,2,2013-10-21 07:46:00,2013-10-21 10:05:00,1324.0227,1314.2844,-1.4694346349745173
SILVER,-198.02449136123943,STOP,1,2013-10-23 01:02:00,2013-10-23 02:56:00,22.81,22.70727,-1.853090875000009
SILVER,-143.90282239551516,STOP,77,2013-10-23 12:30:00,2013-10-25 06:32:00,22.7,22.50747,-1.3984557058823557
GOLD,294.8505268594301,TARGET,166,2013-10-22 12:30:00,2013-10-25 17:03:00,1322.4210999999998,1355.7843999999993,2.759178003974423
GOLD,271.99128248749224,TARGET,11,2013-10-28 12:07:00,2013-10-28 14:49:00,1351.7,1370.6,2.567888888888885
GOLD,-124.67342380869287,STOP,24,2013-10-28 14:49:00,2013-10-29 07:42:00,1382.1,1346.652,-1.119552844574779
SILVER,-138.36913084883776,STOP,55,2013-10-28 02:00:00,2013-10-29 07:45:00,22.62,22.377599999999997,-1.3063527272727289
SILVER,-155.08190324436785,STOP,9,2013-11-01 16:40:00,2013-11-04 01:02:00,21.94192,21.778200000000002,-1.4616693912063095
GOLD,-174.15596838715953,STOP,30,2013-11-04 11:49:00,2013-11-05 08:05:00,1316.9,1309.8888,-1.690875228070187
GOLD,-137.476184733264,STOP,44,2013-11-06 08:58:00,2013-11-07 13:31:00,1319.3179999999998,1307.691,-1.3814701492537373
GOLD,-148.79481000003275,STOP,19,2013-11-13 13:15:00,2013-11-13 18:04:00,1277.7,1269.3293999999999,-1.5376942816901389
SILVER,-127.87468792030029,STOP,26,2013-11-14 15:46:00,2013-11-15 08:02:00,20.810789999999997,20.61936,-1.3634296504479269
GOLD,-142.42520649680287,STOP,83,2013-11-14 14:33:00,2013-11-18 13:04:00,1284.5,1275.8229,-1.5185706621621582
GOLD,-163.3951668700224,STOP,23,2013-11-19 14:45:00,2013-11-20 07:43:00,1276.5,1270.728,-1.8487173333333191
GOLD,-149.86436988467017,STOP,2,2013-11-22 02:31:00,2013-11-22 05:49:00,1246.2,1240.0587,-1.7607262653060896
GOLD,-128.48399325889935,STOP,27,2013-11-22 12:23:00,2013-11-25 00:42:00,1247.0,1239.1596000000002,-1.5646302424242362
GOLD,-135.3843159184683,STOP,67,2013-11-25 19:00:00,2013-11-27 16:43:00,1244.0,1237.4613,-1.7019172264151208
GOLD,-110.97103485109423,STOP,22,2013-12-03 15:47:00,2013-12-04 08:00:00,1223.2219999999998,1213.785,-1.4441750182437396
GOLD,-125.3106181374141,STOP_SAME,0,2013-12-06 13:41:00,2013-12-06 13:41:00,1234.233,1227.5711999999999,-1.6792939812258598
SILVER,-125.01142170262595,STOP,2,2013-12-06 16:17:00,2013-12-06 16:50:00,19.62,19.52046,-1.7335057499999733
GOLD,-93.54988872449786,STOP,15,2013-12-06 14:02:00,2013-12-06 18:25:00,1241.2399999999998,1227.5711999999999,-1.2972356270096577
SILVER,-127.84268677471042,STOP,4,2013-12-06 17:48:00,2013-12-06 19:18:00,19.57,19.4805,-1.8364357142857215
GOLD,165.11666902136463,TARGET,31,2013-12-09 19:29:00,2013-12-10 13:07:00,1238.2369999999999,1254.2479999999991,2.5329801386546547
GOLD,-142.44238029797725,STOP,4,2013-12-10 18:02:00,2013-12-10 19:22:00,1262.5,1257.741,-2.079783142857147
SILVER,-122.7937907899164,STOP_SAME,0,2013-12-10 20:16:00,2013-12-10 20:16:00,20.37,20.279700000000002,-1.8707099999999803
GOLD,142.44349854594688,TARGET_SAME,0,2013-12-10 20:32:00,2013-12-10 20:37:00,1262.4,1272.6000000000004,2.2544117647059023
SILVER,-96.9772373009494,STOP,13,2013-12-10 20:54:00,2013-12-11 07:39:00,20.4,20.24973,-1.4686133076923114
SILVER,-90.86216535113167,STOP,24,2013-12-13 14:43:00,2013-12-16 09:26:00,19.59,19.43055,-1.4176467857142774
GOLD,-133.4772815482223,STOP,1,2013-12-18 14:19:00,2013-12-18 14:42:00,1234.9336999999998,1230.4683,-2.143303955221668
SILVER,-118.9555369576645,STOP,7,2013-12-18 15:07:00,2013-12-18 16:52:00,19.96,19.8801,-1.9956683333332925
GOLD,-92.20880503691725,STOP,4,2013-12-18 18:03:00,2013-12-18 19:00:00,1233.5322999999999,1226.2725,-1.6112601826832313
GOLD,-115.47991870155572,STOP,3,2013-12-20 12:15:00,2013-12-20 13:06:00,1196.2,1191.7071,-2.0850930606060785
SILVER,-78.15843579924777,STOP,13,2013-12-20 09:00:00,2013-12-20 13:31:00,19.29,19.13085,-1.4112203571428539
SILVER,-111.34644321247906,STOP,25,2013-12-23 11:34:00,2013-12-24 01:12:00,19.4,19.330650000000002,-2.1616130000000524
SILVER,-85.2676190200275,STOP,2,2013-12-26 10:05:00,2013-12-26 10:43:00,19.53,19.43055,-1.7301318749999717
GOLD,131.10727730359685,TARGET,95,2013-12-20 14:00:00,2013-12-26 13:31:00,1195.9947999999997,1211.8791999999987,2.5452379693283693
GOLD,133.55471880586407,TARGET,17,2013-12-26 13:31:00,2013-12-26 18:56:00,1211.7,1233.3000000000002,2.660416666666669
SILVER,-61.48111682624843,STOP,125,2013-12-26 13:25:00,2013-12-31 08:13:00,19.62,19.40058,-1.2922029000000022
SILVER,-77.45463433328149,STOP,24,2014-01-02 13:25:00,2014-01-02 21:03:00,20.08,19.94004,-1.4998336666666863
SILVER,-93.30181754120704,STOP,2,2014-01-05 23:02:00,2014-01-06 00:13:00,20.18,20.08989,-1.862569857142839
GOLD,136.25830145925397,TARGET,81,2014-01-02 13:48:00,2014-01-06 01:46:00,1222.7214999999999,1243.1859999999992,2.6385094920471928
GOLD,-73.6173279640766,STOP,2,2014-01-06 14:36:00,2014-01-06 15:14:00,1242.8415999999997,1233.2655,-1.4448315790735755
GOLD,-68.98793950025106,STOP_SAME,0,2014-01-06 15:07:00,2014-01-06 15:14:00,1248.2469999999998,1237.5611999999999,-1.394263596909085
SILVER,-72.34647816370469,STOP,4,2014-01-07 02:01:00,2014-01-07 07:33:00,20.25,20.109869999999997,-1.5040822500000106
GOLD,-115.21790174902534,STOP,20,2014-01-09 03:19:00,2014-01-09 14:13:00,1226.8,1223.0756999999999,-2.469670280000034
SILVER,-81.86171460547337,STOP,2,2014-01-10 12:51:00,2014-01-10 13:28:00,19.79,19.70028,-1.8458611428571323
GOLD,108.17073899055451,TARGET,35,2014-01-09 18:00:00,2014-01-10 13:30:00,1227.4,1240.6000000000004,2.4390909090909205
SILVER,-64.27053710878288,STOP,8,2014-01-15 23:10:00,2014-01-16 07:25:00,20.27,20.109869999999997,-1.432213357142868
SILVER,-95.47872747963828,STOP,12,2014-01-22 16:06:00,2014-01-22 20:52:00,19.88,19.81017,-2.190403399999961
SILVER,-69.6391532879781,STOP,3,2014-01-23 15:00:00,2014-01-23 15:57:00,20.240219999999997,20.129849999999998,-1.6708054755043438
SILVER,-100.76836294458252,STOP,2,2014-01-24 01:04:00,2014-01-24 04:45:00,20.05,19.989990000000002,-2.501249750000012
SILVER,-49.48941367051829,STOP,15,2014-01-29 19:46:00,2014-01-30 07:24:00,19.68,19.46052,-1.2931026000000083
SILVER,-91.46277653007186,STOP,1,2014-02-03 19:52:00,2014-02-03 20:02:00,19.41,19.350630000000002,-2.4532657499999946
SILVER,97.0579338546616,TARGET,41,2014-02-04 17:12:00,2014-02-05 13:20:00,19.45,19.899999999999995,2.737666666666664
SILVER,-59.61352248673984,STOP,66,2014-02-05 19:31:00,2014-02-07 09:21:00,19.88,19.76022,-1.5942022000000207
GOLD,126.50896230741276,TARGET,1122,2014-01-10 14:55:00,2014-02-10 15:55:00,1245.0,1287.0,2.819142857142857
GOLD,73.11733551309777,TARGET_SAME,0,2014-02-10 15:46:00,2014-02-10 15:55:00,1275.6,1282.4999999999998,1.88778260869563
GOLD,-95.40839607851838,STOP,7,2014-02-11 11:01:00,2014-02-11 13:31:00,1284.4,1280.3183999999999,-2.3736851428570627
GOLD,-91.19066007458463,STOP,6,2014-02-11 19:45:00,2014-02-11 23:06:00,1292.0,1287.9108,-2.381825285714286
SILVER,97.39645037061698,TARGET,158,2014-02-07 17:35:00,2014-02-12 12:35:00,19.93,20.319999999999997,2.6903846153846134
GOLD,62.35040919865841,TARGET,10,2014-02-12 09:57:00,2014-02-12 13:24:00,1287.0,1293.0,1.7099999999999997
SILVER,-74.1021034375056,STOP,9,2014-02-12 17:16:00,2014-02-12 19:43:00,20.32,20.22975,-1.868567857142865
GOLD,-62.553035927402505,STOP,27,2014-02-12 15:15:00,2014-02-13 04:03:00,1294.3,1286.3123999999998,-1.577345134328371
GOLD,83.14771277070493,TARGET,20,2014-02-14 01:15:00,2014-02-14 11:48:00,1304.0,1314.5,2.251857142857143
GOLD,82.83138700296601,TARGET,12,2014-02-14 17:53:00,2014-02-17 23:09:00,1318.1,1327.3999999999996,2.1466129032257815
GOLD,-89.97073540905603,STOP,1,2014-02-19 18:46:00,2014-02-19 19:00:00,1320.6,1316.0826000000002,-2.235650812500041
SILVER,-66.21734435569314,STOP,2,2014-02-20 17:45:00,2014-02-20 18:28:00,21.74,21.628349999999998,-1.722426111111124
GOLD,87.87415686463089,TARGET,75,2014-02-20 15:45:00,2014-02-21 18:36:00,1315.8,1326.9,2.285756756756766
SILVER,-54.38018758877848,STOP,16,2014-02-21 18:29:00,2014-02-24 01:09:00,21.8,21.63834,-1.464988142857146
GOLD,97.78647039761297,TARGET,26,2014-02-21 18:33:00,2014-02-24 06:09:00,1324.8,1341.3,2.5152545454545456
GOLD,-123.32959606925841,STOP,1,2014-02-24 12:47:00,2014-02-24 13:09:00,1333.6,1330.3683,-3.102983315789601
GOLD,80.62959927569602,TARGET,16,2014-02-24 14:15:00,2014-02-24 18:25:00,1334.6,1344.1999999999994,2.162874999999952
GOLD,-136.35025286991834,STOP,1,2014-02-24 21:49:00,2014-02-24 23:08:00,1338.0,1335.0636000000002,-3.5059147500000876
SILVER,-50.93086297186518,STOP,28,2014-02-24 15:08:00,2014-02-25 01:37:00,22.1,21.89808,-1.3662115555555643
GOLD,-38.861271423981194,STOP,51,2014-02-25 16:30:00,2014-02-26 12:50:00,1372.0,1332.4661999999998,-1.1057137748691128
SILVER,-60.74696729322453,STOP,26,2014-02-26 04:51:00,2014-02-26 12:45:00,21.92,21.808169999999997,-1.7284241111110985
SILVER,-75.60282510584081,STOP,5,2014-02-27 17:01:00,2014-02-27 18:35:00,21.38,21.30867,-2.2803733999999607
GOLD,-66.8115857657464,STOP,16,2014-02-27 14:53:00,2014-02-27 19:00:00,1333.8324999999998,1328.5701000000001,-2.0152072727273476
SILVER,-38.70117963873607,STOP,7,2014-03-02 23:40:00,2014-03-03 02:01:00,21.4,21.14883,-1.277038391304358
SILVER,56.75933611982524,TARGET,1,2014-03-03 14:30:00,2014-03-03 14:50:00,21.5,21.619999999999997,1.921999999999977
GOLD,66.47516420693398,TARGET,31,2014-03-03 05:30:00,2014-03-03 15:25:00,1342.8,1353.5999999999997,2.2509999999999817
SILVER,-47.1443811357502,STOP,16,2014-03-03 14:45:00,2014-03-03 18:45:00,21.58,21.43854,-1.5373211666666875
GOLD,-66.45787865604343,STOP,8,2014-03-03 19:15:00,2014-03-04 01:00:00,1352.3509999999999,1347.4512,-2.140130160518181
SILVER,-50.7616505262651,STOP,14,2014-03-05 15:03:00,2014-03-05 19:52:00,21.3,21.18879,-1.7077643333333339
GOLD,-89.32316164409883,STOP,18,2014-03-05 15:30:00,2014-03-05 23:00:00,1338.5,1335.1634999999999,-3.0050817500000577
GOLD,-91.0806501135721,STOP,1,2014-03-06 21:54:00,2014-03-06 23:06:00,1352.0,1348.9497,-3.3830880588235015
GOLD,-49.57501279672116,STOP,4,2014-03-07 12:32:00,2014-03-07 13:30:00,1352.3509999999999,1346.8518000000001,-1.9750428330522916
GOLD,25.76587602965785,TARGET,1,2014-03-12 01:21:00,2014-03-12 01:33:00,1349.8,1353.9999999999995,1.0687142857140977
GOLD,-70.50269204003943,STOP,10,2014-03-12 18:54:00,2014-03-13 00:08:00,1368.2,1364.634,-2.863106363636318
GOLD,-49.739817981961636,STOP,10,2014-03-14 00:00:00,2014-03-14 05:23:00,1374.0,1369.0296,-2.1426193333333674
SILVER,-30.38911092737104,STOP,218,2014-03-12 16:33:00,2014-03-18 01:17:00,21.36134,21.06891,-1.2340983636765728
GOLD,-40.3234364976747,STOP,6,2014-03-19 01:20:00,2014-03-19 04:42:00,1360.0,1353.9447,-1.8657967446808308
GOLD,-64.66403294514919,STOP,2,2014-03-21 19:16:00,2014-03-21 19:53:00,1336.8,1333.5651,-3.1080342631580784
GOLD,-37.40929275262887,STOP,8,2014-03-25 09:16:00,2014-03-25 11:35:00,1318.0,1312.3863000000001,-1.9172293720930162
SILVER,-34.22675164454258,STOP,2,2014-03-25 11:15:00,2014-03-25 11:46:00,20.17,20.06991,-1.7541238749999788
GOLD,-53.69311478014517,STOP,18,2014-03-26 06:21:00,2014-03-26 12:21:00,1315.0,1311.687,-2.9698435000000507
SILVER,-24.798083842917997,STOP,12,2014-03-31 09:25:00,2014-03-31 12:55:00,19.95,19.80018,-1.458232153846152
GOLD,-27.305639446584095,STOP,43,2014-03-28 16:55:00,2014-03-31 13:32:00,1295.6943999999999,1288.0107,-1.6056870230201377
SILVER,-34.8899179509194,STOP,1,2014-04-01 16:16:00,2014-04-01 16:43:00,19.8,19.73025,-2.185604999999951
GOLD,31.226287134896538,TARGET,5,2014-04-02 07:16:00,2014-04-02 08:49:00,1284.5,1292.6000000000001,2.0455185185185343
SILVER,39.020844241519264,TARGET,16,2014-04-02 06:43:00,2014-04-02 12:10:00,19.84,20.11,2.5561111111111106
SILVER,-50.05083707869538,STOP_SAME,0,2014-04-02 17:53:00,2014-04-02 17:54:00,20.05,19.99998,-3.0023326666665513
GOLD,-28.87717492757632,STOP,18,2014-04-02 23:41:00,2014-04-03 08:10:00,1293.7924999999998,1287.9108,-1.8428749700599132
SILVER,-18.44812726592214,STOP,19,2014-04-04 12:33:00,2014-04-04 17:18:00,20.2,19.91007,-1.222370629629625
SILVER,36.78573335316703,TARGET,16,2014-04-07 23:32:00,2014-04-08 07:25:00,19.94,20.180000000000007,2.4985000000000115
SILVER,-34.09290515828334,STOP,3,2014-04-08 11:00:00,2014-04-08 11:54:00,20.13,20.059919999999998,-2.2053983999999853
SILVER,-37.016322207168066,STOP,2,2014-04-08 13:10:00,2014-04-08 13:40:00,20.1,20.039939999999998,-2.5049984999999197
SILVER,23.380392238247172,TARGET,1,2014-04-10 06:53:00,2014-04-10 07:05:00,19.97,20.05999999999999,1.6656666666665594
SILVER,36.20989802715384,TARGET,3,2014-04-10 07:00:00,2014-04-10 07:59:00,20.02,20.259999999999994,2.4964999999999895
SILVER,-25.39261626465474,STOP,4,2014-04-14 06:49:00,2014-04-14 07:52:00,20.09,19.98,-1.6674444444444407
GOLD,-18.0872608922343,STOP,442,2014-04-04 13:33:00,2014-04-15 12:26:00,1310.1,1289.2095,-1.1984596683673512
SILVER,-20.832560155066417,STOP,1,2014-04-16 11:53:00,2014-04-16 12:05:00,19.63,19.4805,-1.4508500000000093
SILVER,-23.05274200068191,STOP,11,2014-04-16 17:25:00,2014-04-17 01:50:00,19.67,19.560419999999997,-1.6534491111111005
GOLD,-19.38881359372748,STOP,85,2014-04-16 07:27:00,2014-04-17 17:09:00,1304.3029999999999,1291.9068,-1.3503026029001286
SILVER,-24.101252479504424,STOP,1,2014-04-21 00:23:00,2014-04-21 01:01:00,19.67,19.5804,-1.8407200000000041
SILVER,-23.068096543028872,STOP,61,2014-04-22 17:41:00,2014-04-24 07:50:00,19.4,19.31067,-1.829152428571426
SILVER,-26.496792129918077,STOP,1,2014-04-24 22:01:00,2014-04-25 01:01:00,19.72,19.65033,-2.1808066000000954
GOLD,28.75311442429575,TARGET,31,2014-04-24 19:57:00,2014-04-25 13:19:00,1292.5,1304.7999999999997,2.3665121951219374
GOLD,-13.745048181029963,STOP,2,2014-04-25 15:41:00,2014-04-25 16:10:00,1330.1,1297.9008000000001,-1.1270938770226522
SILVER,-16.17128644374957,STOP,60,2014-04-25 11:04:00,2014-04-28 12:00:00,19.69,19.52046,-1.3916697333333226
GOLD,-27.94388168357934,STOP,45,2014-04-25 17:24:00,2014-04-28 14:10:00,1301.8,1297.6011,-2.3442417586207545
GOLD,-22.584806005722832,STOP,5,2014-04-30 23:27:00,2014-05-01 01:08:00,1293.1,1288.1106,-2.0461109729730556
GOLD,-29.976744066430104,STOP,17,2014-05-02 07:40:00,2014-05-02 12:30:00,1284.0,1280.6181000000001,-2.8316752857143412
SILVER,-21.443592996325446,STOP,2,2014-05-02 13:00:00,2014-05-02 13:35:00,19.16,19.090889999999998,-2.1472178000000097
SILVER,22.42263530946684,TARGET,7,2014-05-02 21:04:00,2014-05-05 01:01:00,19.53,19.710000000000008,2.3460000000000245
SILVER,20.207658768481558,TARGET_SAME,0,2014-05-05 01:00:00,2014-05-05 01:01:00,19.55,19.669999999999998,2.019499999999979
SILVER,25.376145871260604,TARGET,107,2014-05-05 02:09:00,2014-05-07 07:49:00,19.58,19.78999999999999,2.4375714285714025
GOLD,-16.201016231168072,STOP,131,2014-05-05 00:52:00,2014-05-07 14:00:00,1301.6,1294.704,-1.695054285714306
GOLD,-23.386460084923776,STOP,35,2014-05-08 18:39:00,2014-05-09 15:15:00,1290.6,1286.1126000000002,-2.2075351875000484
SILVER,10.551495018168387,TARGET,4,2014-05-13 20:38:00,2014-05-14 07:01:00,19.55,19.61,1.0419999999999583
GOLD,25.761217313022243,TARGET,112,2014-05-12 07:30:00,2014-05-14 12:24:00,1291.0,1308.1000000000001,2.5440175438596526
GOLD,-21.20356107259662,STOP,21,2014-05-14 17:12:00,2014-05-15 06:30:00,1306.7,1301.2974,-1.9538042439024037
SILVER,-15.002531943898271,STOP,68,2014-05-14 07:23:00,2014-05-15 12:30:00,19.65,19.50048,-1.451311384615388
GOLD,-25.32471395349312,STOP,3,2014-05-19 13:44:00,2014-05-19 14:15:00,1302.5,1298.6001,-2.5003846538461985
GOLD,-38.35637048137612,STOP_SAME,0,2014-05-21 01:05:00,2014-05-21 01:11:00,1295.4,1292.8058999999998,-3.9863891538457907
GOLD,-23.8026269176845,STOP,5,2014-05-21 03:01:00,2014-05-21 06:53:00,1296.2,1292.6061000000002,-2.688133086956509
SILVER,-16.215574173616407,STOP,12,2014-05-21 02:50:00,2014-05-21 10:53:00,19.45,19.360619999999997,-1.8312945714285926
GOLD,16.426978665881762,TARGET,24,2014-05-22 02:25:00,2014-05-22 12:20:00,1292.6,1300.6999999999994,2.039518518518454
GOLD,-23.1531677597477,STOP,9,2014-05-26 10:35:00,2014-05-27 03:12:00,1294.0,1290.5082,-2.7619582727272207
SILVER,-19.251281080499925,STOP,2,2014-05-28 12:52:00,2014-05-28 13:19:00,19.11,19.05093,-2.430773250000012
SILVER,-10.221464923389163,STOP,10,2014-05-29 20:00:00,2014-05-30 08:10:00,19.13,18.95103,-1.3565689374999963
SILVER,-21.070214042315378,STOP_SAME,0,2014-06-02 17:15:00,2014-06-02 17:24:00,18.77,18.721259999999997,-2.874375333333298
SILVER,-14.681710977890798,STOP,30,2014-06-03 00:43:00,2014-06-03 14:20:00,18.79,18.721259999999997,-2.125025200000006
GOLD,-15.759065994705095,STOP,4,2014-06-03 18:47:00,2014-06-04 01:00:00,1246.2,1242.2565,-2.3822061111111026
GOLD,-16.108559713820217,STOP,5,2014-06-04 13:12:00,2014-06-04 14:44:00,1247.5,1243.8548999999998,-2.556856208333313
SILVER,-14.504202020809087,STOP,10,2014-06-06 00:02:00,2014-06-06 10:53:00,19.05,18.99099,-2.4262747500000685
SILVER,-16.53676198774823,STOP,4,2014-06-10 05:34:00,2014-06-10 08:14:00,19.1,19.05093,-2.907364333333236
GOLD,15.489066529284452,TARGET,141,2014-06-05 12:47:00,2014-06-11 14:19:00,1247.6463999999999,1266.0855999999994,2.5910236886632734
SILVER,14.838367084380105,TARGET,85,2014-06-10 19:27:00,2014-06-16 01:04:00,19.31,19.819999999999993,2.769823529411762
GOLD,-10.180560231352658,STOP,27,2014-06-15 22:00:00,2014-06-16 14:10:00,1278.0,1271.9268,-1.7964847500000256
GOLD,11.628735505586095,TARGET,3,2014-06-18 15:35:00,2014-06-18 17:03:00,1271.6,1279.3999999999996,2.0188461538461198
GOLD,-14.454151205683996,STOP,4,2014-06-18 17:00:00,2014-06-18 18:00:00,1273.0,1269.0297,-2.4119739629629047
SILVER,14.015944665740246,TARGET,42,2014-06-17 23:48:00,2014-06-18 20:38:00,19.73,19.94,2.433285714285717
GOLD,8.543629833573732,TARGET,8,2014-06-18 18:32:00,2014-06-18 23:56:00,1274.2,1279.3000000000002,1.497941176470628
SILVER,16.547344356776428,TARGET,14,2014-06-19 12:15:00,2014-06-19 15:59:00,20.05,20.439999999999998,2.6885384615384593
SILVER,-10.980989182689726,STOP,1,2014-06-20 04:03:00,2014-06-20 04:40:00,20.86,20.74923,-1.693102555555544
GOLD,-15.762343876740946,STOP,3,2014-06-20 05:44:00,2014-06-20 06:34:00,1315.6,1311.687,-2.515495000000092
GOLD,-10.369724209575445,STOP,8,2014-06-23 17:16:00,2014-06-24 07:06:00,1320.6192999999998,1313.9847,-1.742560863271495
GOLD,-13.87061693099328,STOP,3,2014-06-24 13:15:00,2014-06-24 14:00:00,1323.0,1318.8798,-2.4150285000000635
GOLD,-16.28412013794905,STOP,6,2014-06-24 18:33:00,2014-06-24 22:39:00,1321.2,1317.8808000000001,-2.979140399999955
GOLD,-9.764333992121154,STOP,12,2014-06-25 17:14:00,2014-06-26 02:50:00,1322.7,1316.9817,-1.899541295454506
GOLD,-12.455859145710269,STOP,11,2014-06-27 03:00:00,2014-06-27 09:44:00,1318.5,1314.5841,-2.518840038461613
GOLD,-12.133197932229606,STOP,1,2014-06-27 15:35:00,2014-06-27 16:05:00,1321.9,1318.0806,-2.583752240000035
GOLD,-6.987459949272664,STOP,9,2014-07-01 12:29:00,2014-07-01 15:22:00,1332.9,1324.5741,-1.5690534428571496
GOLD,-12.49608395882212,STOP,8,2014-07-02 15:55:00,2014-07-02 19:55:00,1329.7,1326.2723999999998,-2.896939238095151
GOLD,-10.252027831311244,STOP,8,2014-07-04 06:20:00,2014-07-06 22:40:00,1322.0,1318.0806,-2.5228771538462405
GOLD,-8.238273348656385,STOP,7,2014-07-09 11:46:00,2014-07-09 13:57:00,1327.0,1322.1765,-2.135050428571419
GOLD,7.806271739319254,TARGET,28,2014-07-09 18:18:00,2014-07-10 09:00:00,1325.5,1334.5,2.1133333333333333
GOLD,-6.576767106522602,STOP,81,2014-07-10 09:00:00,2014-07-14 06:13:00,1334.0327,1327.0716,-1.708275658210127
GOLD,8.89538681121672,TARGET,42,2014-07-16 13:23:00,2014-07-17 15:28:00,1300.2,1313.1,2.392255813953482
GOLD,-10.060574827259162,STOP,4,2014-07-17 22:15:00,2014-07-18 01:01:00,1320.5,1316.682,-2.5820727999999935
SILVER,-6.715656936644315,STOP,891,2014-06-20 13:01:00,2014-07-21 15:35:00,20.89,20.389590000000002,-1.128519979166663
GOLD,-9.9133955839273,STOP_SAME,0,2014-07-23 14:20:00,2014-07-23 14:21:00,1310.2,1306.692,-2.7840418181817776
SILVER,-5.158548258725591,STOP,26,2014-07-22 19:46:00,2014-07-24 01:19:00,21.04,20.879099999999998,-1.4487078571428627
GOLD,8.109283967961858,TARGET,50,2014-07-25 10:17:00,2014-07-28 15:02:00,1296.7955,1312.0819999999997,2.488003630654489
GOLD,-5.693555046110516,STOP,14,2014-07-29 07:35:00,2014-07-29 13:41:00,1310.3,1303.0956,-1.6640331525423864
SILVER,-5.578177930956546,STOP,19,2014-07-30 18:15:00,2014-07-31 12:33:00,20.66,20.54943,-1.6864381111111049
GOLD,8.79339739939786,TARGET,205,2014-08-01 13:02:00,2014-08-08 06:09:00,1290.0,1321.5,2.7512857142857143
GOLD,-7.0556566302830435,STOP,3,2014-08-08 10:06:00,2014-08-08 11:20:00,1320.9195999999997,1315.9827,-2.0924417891480243
SILVER,-4.026538252294036,STOP,98,2014-08-06 13:27:00,2014-08-08 12:31:00,20.08,19.83015,-1.2598267391304458
GOLD,-5.437056137012776,STOP,129,2014-08-11 17:23:00,2014-08-15 12:16:00,1310.6,1303.8948,-1.7258694074074281
GOLD,-9.281486346557546,STOP,11,2014-08-19 08:17:00,2014-08-19 12:30:00,1301.0,1297.8009,-3.0515267894735616
SILVER,-5.596105103474831,STOP,19,2014-08-19 02:04:00,2014-08-19 13:00:00,19.65,19.560419999999997,-1.8398631428571575
SILVER,-3.383732646719331,STOP,18,2014-08-22 05:52:00,2014-08-22 14:31:00,19.6,19.330650000000002,-1.233122599999997
GOLD,-5.176816374050245,STOP,39,2014-08-22 15:19:00,2014-08-25 15:35:00,1280.0,1274.6241,-1.9342741707317506
SILVER,-4.7259297858437845,STOP,7,2014-08-26 11:45:00,2014-08-26 13:52:00,19.58,19.49049,-1.8368641428571872
GOLD,-6.460237158639207,STOP,1,2014-08-27 12:18:00,2014-08-27 12:44:00,1287.4,1283.715,-2.606714583333307
GOLD,-8.386159577446179,STOP_SAME,0,2014-08-27 13:37:00,2014-08-27 13:40:00,1286.4,1283.6151,-3.569943400000071
SILVER,5.467240069952358,TARGET,11,2014-08-27 19:49:00,2014-08-28 07:17:00,19.49948,19.73791999999999,2.506323603422224
GOLD,-5.0587841355042835,STOP,23,2014-08-28 08:04:00,2014-08-28 14:20:00,1291.5,1287.0117,-2.2083786562499625
GOLD,-5.013779594357426,STOP,7,2014-08-28 18:35:00,2014-08-28 20:52:00,1292.3,1288.0107,-2.2898702333333043
GOLD,-3.8424954715813775,STOP,11,2014-09-01 07:56:00,2014-09-02 01:15:00,1290.2,1284.3144,-1.8391553043477862
SILVER,4.09427251157143,TARGET,3,2014-09-04 12:36:00,2014-09-04 13:22:00,19.25,19.369999999999997,2.0344999999999795
SILVER,-2.6703497762901196,STOP,4,2014-09-04 13:39:00,2014-09-04 14:40:00,19.4,19.170810000000003,-1.2750514761904714
GOLD,-2.8691347943491254,STOP,72,2014-09-03 11:17:00,2014-09-04 22:27:00,1269.3,1259.1396000000002,-1.4257123146067356
GOLD,-4.289711887939055,STOP_SAME,0,2014-09-05 12:30:00,2014-09-05 12:30:00,1269.0677999999998,1264.5342,-2.16267886651572
GOLD,-5.032295711027231,STOP,7,2014-09-05 14:18:00,2014-09-05 16:22:00,1268.3,1264.734,-2.651753913043544
SILVER,4.6496936728387706,TARGET,23,2014-09-05 15:55:00,2014-09-08 05:04:00,19.14,19.35,2.4501428571428594
GOLD,-3.4625014386097392,STOP,16,2014-09-08 03:10:00,2014-09-08 12:45:00,1269.7,1264.3344,-1.9267400975609328
GOLD,-5.628104005332877,STOP,4,2014-09-09 14:36:00,2014-09-09 15:48:00,1256.2,1253.1456,-3.0909697777778486
GOLD,-3.169227462339451,STOP,11,2014-09-10 04:25:00,2014-09-10 08:55:00,1257.7,1252.0466999999999,-1.8552378863636372
SILVER,-2.4019479619798796,STOP,40,2014-09-09 19:45:00,2014-09-10 16:24:00,19.05,18.89109,-1.406079214285725
GOLD,-5.292179346652134,STOP,5,2014-09-15 09:00:00,2014-09-15 12:37:00,1235.7,1232.8659,-3.3141661874997395
GOLD,-3.2167999433766137,STOP,4,2014-09-17 17:05:00,2014-09-17 18:00:00,1237.2,1232.766,-2.1574893749999595
GOLD,-2.497285175060475,STOP_SAME,0,2014-09-17 18:00:00,2014-09-17 18:00:00,1238.8375999999998,1232.6661000000001,-1.7504463099481808
SILVER,-2.4160934714528417,STOP,79,2014-09-15 20:24:00,2014-09-17 19:25:00,18.68,18.57141,-1.6204601111111083
SILVER,-2.0304741129043085,STOP,19,2014-09-22 15:00:00,2014-09-26 11:59:00,17.69,17.57241,-1.528524099999977
GOLD,-2.8389690657947457,STOP,26,2014-09-22 15:36:00,2014-09-26 14:17:00,1215.5,1211.0877,-2.1371524062499567
GOLD,-2.0935487952306717,STOP,30,2014-10-01 15:45:00,2014-10-02 07:20:00,1218.4,1211.9868000000001,-1.7006897692307466
GOLD,2.5456876702319757,TARGET,19,2014-10-06 12:00:00,2014-10-06 16:57:00,1196.7955999999997,1205.1823999999988,2.1408005437114532
SILVER,3.156899248173371,TARGET,36,2014-10-06 14:40:00,2014-10-07 06:28:00,17.11,17.409999999999993,2.6547999999999927
GOLD,1.8090752808469805,TARGET,2,2014-10-07 07:00:00,2014-10-07 07:37:00,1206.6,1211.1,1.3881999999999999
GOLD,2.9327565129851294,TARGET,36,2014-10-07 16:50:00,2014-10-08 09:16:00,1211.0,1220.0,2.1896666666666667
GOLD,-4.400861978399952,STOP,1,2014-10-08 13:45:00,2014-10-08 14:10:00,1218.7,1215.783,-3.147931176470588
GOLD,-2.352754432268025,STOP,31,2014-10-09 02:00:00,2014-10-09 13:16:00,1224.0,1218.1806000000001,-1.7959957826087007
GOLD,-2.9808195029298403,STOP,7,2014-10-09 18:06:00,2014-10-10 01:47:00,1226.4,1222.4763,-2.3602134444444247
GOLD,1.5043325257984517,TARGET,7,2014-10-10 19:00:00,2014-10-12 22:03:00,1222.8,1226.9999999999995,1.2501428571426867
SILVER,3.00918076381048,TARGET,3,2014-10-10 20:02:00,2014-10-12 22:03:00,17.37,17.580000000000002,2.500714285714288
GOLD,2.368948935018626,TARGET,1,2014-10-12 22:00:00,2014-10-12 22:32:00,1224.0,1230.2999999999997,1.8312857142856636
SILVER,-1.9277955243706542,STOP,4,2014-10-13 06:16:00,2014-10-13 07:29:00,17.59,17.45253,-1.4376044166666584
GOLD,-2.4164695470801223,STOP,74,2014-10-13 13:01:00,2014-10-15 01:28:00,1229.3,1223.775,-1.8553662790697554
SILVER,-2.1896921607504467,STOP,8,2014-10-21 04:45:00,2014-10-21 10:47:00,17.46,17.37261,-1.746037285714267
GOLD,2.6810334148381196,TARGET,26,2014-10-20 16:38:00,2014-10-21 12:37:00,1245.8,1254.4999999999995,2.137827586206856
GOLD,-2.619039297945307,STOP,12,2014-10-21 14:36:00,2014-10-21 18:56:00,1253.6,1248.8499,-2.072157114285707
GOLD,-2.6880305797452597,STOP,1,2014-10-24 13:18:00,2014-10-24 13:40:00,1234.7334999999998,1230.4683,-2.2186918740729586
GOLD,-2.2172275535342316,STOP,10,2014-10-24 17:54:00,2014-10-26 22:22:00,1232.8315999999998,1227.5711999999999,-1.915071634090752
SILVER,-2.1018958582033207,STOP,73,2014-10-23 18:07:00,2014-10-27 13:16:00,17.2,17.112869999999997,-1.7348981428571633
GOLD,-2.4184969270566747,STOP,27,2014-10-28 12:30:00,2014-10-29 10:44:00,1229.7285,1225.5732,-2.2573336861874442
SILVER,-1.76208155990772,STOP,8,2014-10-29 00:57:00,2014-10-29 11:30:00,17.25,17.15283,-1.6446603750000155
GOLD,-1.924157970023232,STOP,6,2014-11-03 10:32:00,2014-11-03 13:07:00,1172.0,1167.1317,-1.9479545135135141
GOLD,-2.395759265206011,STOP,8,2014-11-03 16:30:00,2014-11-03 18:47:00,1170.1,1166.6322,-2.523709652173918
SILVER,-1.456374897692157,STOP,25,2014-11-03 16:22:00,2014-11-04 02:07:00,16.09,15.984,-1.5341555555555566
GOLD,-3.417312644311876,STOP,7,2014-11-04 21:57:00,2014-11-05 03:04:00,1168.3,1165.9329,-3.9177774166664654
GOLD,-1.4105247189850023,STOP,1,2014-11-06 13:26:00,2014-11-06 13:36:00,1146.7455999999997,1141.0578,-1.7545766015488016
GOLD,-1.6331659950163744,STOP,2,2014-11-06 20:01:00,2014-11-06 20:32:00,1144.7,1140.4584,-2.105405935483798
SILVER,-1.6709500646151394,STOP,8,2014-11-06 19:12:00,2014-11-06 21:41:00,15.42,15.36462,-2.1541155000000343
GOLD,1.5459555018512052,TARGET,3,2014-11-07 12:45:00,2014-11-07 13:30:00,1145.8,1154.1999999999998,2.1785714285714155
GOLD,1.947027947833234,TARGET,14,2014-11-07 13:30:00,2014-11-07 17:05:00,1148.9478,1167.6911999999995,2.629207240948806
GOLD,-1.4813151923573131,STOP,6,2014-11-10 08:01:00,2014-11-10 10:26:00,1173.5,1168.4304,-1.9003924102563752
GOLD,1.5535439620514213,TARGET,1,2014-11-11 16:21:00,2014-11-11 16:37:00,1156.5,1164.0,2.0718
GOLD,-1.048969039098438,STOP,89,2014-11-11 16:32:00,2014-11-13 07:51:00,1162.7,1151.4474,-1.3432423168316678
GOLD,-1.1752529342047808,STOP,21,2014-11-13 13:01:00,2014-11-13 19:05:00,1163.6625,1156.1426999999999,-1.5464998349705463
SILVER,-0.8776402028404728,STOP,287,2014-11-07 14:38:00,2014-11-14 05:35:00,15.6,15.33465,-1.185138599999999
GOLD,-1.3745679792853656,STOP,8,2014-11-17 05:15:00,2014-11-17 08:13:00,1188.7,1183.6152,-1.9120808205127986
GOLD,-1.3556595265495117,STOP,17,2014-11-17 09:02:00,2014-11-17 14:05:00,1187.8,1182.9159,-1.9607610540540275
SILVER,-0.9864834751622032,STOP,3,2014-11-18 21:44:00,2014-11-19 00:28:00,16.24,16.12386,-1.4850386000000106
GOLD,-1.3638492093143109,STOP,15,2014-11-18 18:19:00,2014-11-19 01:55:00,1196.2,1191.6072,-2.053119764705864
SILVER,-0.9927613824611123,STOP,6,2014-11-19 14:06:00,2014-11-19 15:33:00,16.28,16.183799999999998,-1.6082975000000024
SILVER,-0.860739568344546,STOP,15,2014-11-20 20:24:00,2014-11-21 08:54:00,16.24,16.11387,-1.4407624545454605
SILVER,-0.7155960984145847,STOP,13,2014-11-21 13:46:00,2014-11-21 17:02:00,16.48,16.25373,-1.233351095238088
SILVER,-0.8180941565266913,STOP,26,2014-11-21 19:50:00,2014-11-24 08:10:00,16.42,16.293689999999998,-1.4456699090909033
SILVER,0.7435152966406333,TARGET_SAME,0,2014-11-24 21:54:00,2014-11-24 21:55:00,16.44,16.5,1.3529999999999645
SILVER,-0.8739662870216858,STOP,133,2014-11-24 23:03:00,2014-11-27 02:54:00,16.52,16.41357,-1.5484841111111087
GOLD,-0.8147067211321027,STOP,325,2014-11-20 14:15:00,2014-11-28 01:10:00,1194.1929999999998,1183.2156,-1.3637096497498435
GOLD,-1.2683218474234126,STOP,8,2014-12-02 06:00:00,2014-12-02 08:02:00,1207.0,1203.1956,-2.390229076923155
GOLD,1.1859848297275564,TARGET,27,2014-12-03 07:46:00,2014-12-03 16:03:00,1202.0,1213.1000000000001,2.3472702702702786
GOLD,-0.7620550563971054,STOP,30,2014-12-03 17:33:00,2014-12-04 11:00:00,1210.2,1200.798,-1.4406095121951192
GOLD,-1.1270437485718325,STOP,2,2014-12-08 14:06:00,2014-12-08 14:46:00,1196.2,1192.0068,-2.1938022666666446
GOLD,1.326375428359844,TARGET,46,2014-12-08 19:02:00,2014-12-09 14:48:00,1201.8005999999998,1226.102399999999,2.7002810902895997
GOLD,-0.8850606212784947,STOP,4,2014-12-09 19:05:00,2014-12-09 20:27:00,1233.7,1227.2715,-1.7095137499999822
GOLD,-0.9852829921160664,STOP,7,2014-12-09 22:10:00,2014-12-10 01:20:00,1232.2,1227.1716000000001,-1.9704662105263184
GOLD,-0.7523856061522584,STOP,32,2014-12-10 13:00:00,2014-12-10 21:09:00,1232.0,1224.2745,-1.566426846153848
GOLD,-0.7942886077592864,STOP,10,2014-12-11 23:14:00,2014-12-12 04:33:00,1229.6,1223.1756,-1.70714915384619
SILVER,-0.5901153275997808,STOP,710,2014-12-01 15:23:00,2014-12-16 15:39:00,16.216199999999997,15.774209999999998,-1.1121079540122034
GOLD,-1.6479749732005997,STOP,1,2014-12-18 08:00:00,2014-12-18 08:29:00,1199.9,1197.4014,-3.766077999999568
GOLD,0.9269468222683521,TARGET,5,2014-12-18 08:37:00,2014-12-18 10:25:00,1200.4,1210.6000000000004,2.2908823529411952
GOLD,-0.929013450190977,STOP,1,2014-12-22 13:48:00,2014-12-22 14:04:00,1197.8,1193.6052,-2.1954017333333287
SILVER,-0.5000581130512239,STOP,190,2014-12-17 16:57:00,2014-12-22 16:31:00,15.93,15.5844,-1.1427709090909064
GOLD,-0.7259202936867194,STOP,12,2014-12-23 15:31:00,2014-12-23 19:52:00,1178.8,1173.4253999999999,-1.8397203333333372
SILVER,1.1094017500979731,TARGET,75,2014-12-23 15:09:00,2014-12-26 10:57:00,15.76,16.27,2.8115882352941175
GOLD,-0.8256576223308997,STOP,28,2014-12-26 17:17:00,2014-12-29 12:01:00,1195.6,1191.0078,-2.0525905294117948
SILVER,-0.573530435364877,STOP,3,2014-12-30 21:00:00,2015-01-01 23:02:00,16.3,16.183799999999998,-1.4868380000000063
GOLD,0.9967685593603569,TARGET,49,2015-01-05 18:03:00,2015-01-06 16:55:00,1201.5,1223.1000000000001,2.6632500000000023
GOLD,-0.48257017514746653,STOP,89,2015-01-06 16:45:00,2015-01-08 04:24:00,1221.7,1204.2945,-1.224166327160495
GOLD,-0.7425388502136853,STOP,1,2015-01-09 13:15:00,2015-01-09 13:30:00,1213.2,1208.0907,-1.930920692307667
GOLD,0.7743865241373576,TARGET,14,2015-01-09 18:44:00,2015-01-11 23:28:00,1218.2,1226.3000000000002,2.0946296296296447
GOLD,-1.1714818514908232,STOP,6,2015-01-12 05:47:00,2015-01-12 08:27:00,1226.4,1223.3754,-3.0413196666664657
GOLD,0.5261332811630735,TARGET_SAME,0,2015-01-13 01:17:00,2015-01-13 01:21:00,1234.1,1238.8999999999996,1.4543749999999125
SILVER,1.0841366849871967,TARGET,350,2015-01-05 09:18:00,2015-01-13 09:00:00,16.05,17.01,2.8966875000000005
GOLD,-0.6757142711962685,STOP,1,2015-01-13 13:20:00,2015-01-13 13:40:00,1243.5,1237.0617,-1.7151657115384515
SILVER,-0.6443931789944448,STOP,6,2015-01-13 13:20:00,2015-01-13 14:45:00,17.01,16.91307,-1.6356633749999674
SILVER,-0.5012317306397489,STOP,33,2015-01-13 15:39:00,2015-01-14 02:02:00,17.07,16.91307,-1.363664785714274
GOLD,-1.0562720389378129,STOP_SAME,0,2015-01-14 18:18:00,2015-01-14 18:26:00,1239.4,1236.2625,-2.954296052631462
SILVER,-0.7637656152400367,STOP_SAME,0,2015-01-14 19:15:00,2015-01-14 19:19:00,16.97,16.91307,-2.270326749999991
SILVER,-0.45853776623544573,STOP,1,2015-01-15 15:12:00,2015-01-15 15:25:00,17.2,17.06292,-1.4278576666666631
SILVER,0.7504865242400773,TARGET,6,2015-01-16 20:31:00,2015-01-18 23:01:00,17.74,17.919999999999995,2.405666666666654
GOLD,0.8656699869376419,TARGET,186,2015-01-15 16:02:00,2015-01-20 16:42:00,1261.6604,1295.7416,2.7748845111087643
SILVER,0.936652179048696,TARGET,53,2015-01-20 20:00:00,2015-01-21 13:59:00,17.97,18.359999999999996,2.72053846153846
GOLD,-0.4686977991564382,STOP,72,2015-01-20 16:30:00,2015-01-21 15:25:00,1295.6943999999999,1283.715,-1.3613488741771518
SILVER,-0.5143280645853369,STOP,7,2015-01-21 19:36:00,2015-01-21 21:27:00,18.26,18.12186,-1.454348833333321
GOLD,-1.0488074373694987,STOP_SAME,0,2015-01-22 17:47:00,2015-01-22 17:57:00,1302.9,1299.699,-3.0545257894735496
SILVER,0.5711598913420278,TARGET,6,2015-01-22 18:30:00,2015-01-22 20:02:00,18.38,18.46999999999999,1.771666666666568
GOLD,-0.9826504993066623,STOP,1,2015-01-26 02:54:00,2015-01-26 03:05:00,1297.6,1294.3044,-2.943752199999961
GOLD,0.704577601742325,TARGET,10,2015-01-27 12:45:00,2015-01-27 15:26:00,1282.2,1292.4000000000003,2.242764705882373
GOLD,-0.645926054815574,STOP,15,2015-01-27 18:30:00,2015-01-28 01:42:00,1293.5,1288.2105,-1.9678026250000222
SILVER,-0.45461529046230587,STOP,92,2015-01-27 13:00:00,2015-01-29 01:57:00,17.97,17.832150000000002,-1.4471012500000033
GOLD,0.7531920586743364,TARGET,5,2015-01-30 15:15:00,2015-01-30 16:31:00,1263.1,1277.1999999999994,2.4595106382978518
SILVER,-0.6532858889498928,STOP,4,2015-01-30 20:55:00,2015-02-01 23:00:00,17.26,17.192790000000002,-2.033255799999958
SILVER,-0.627089700811786,STOP,1,2015-02-02 20:17:00,2015-02-02 20:38:00,17.28,17.21277,-2.034455400000014
GOLD,0.6974803697407874,TARGET,4,2015-02-03 05:49:00,2015-02-03 07:50:00,1276.4,1288.4,2.3587999999999996
GOLD,-0.5920297629962535,STOP,2,2015-02-04 15:00:00,2015-02-04 15:32:00,1270.6694,1265.2335,-1.9119784381445666
SILVER,-0.5199732106783793,STOP_SAME,0,2015-02-04 20:17:00,2015-02-04 20:29:00,17.46,17.37261,-1.746037285714267
GOLD,-0.6398352474703478,STOP,34,2015-02-04 19:38:00,2015-02-05 10:30:00,1266.0,1261.4373,-2.1485264545454688
SILVER,-0.3837146484968234,STOP,3,2015-02-06 05:15:00,2015-02-06 08:22:00,17.31,17.16282,-1.3973293846153858
GOLD,-0.6604202590576084,STOP,11,2015-02-06 03:30:00,2015-02-06 12:25:00,1266.7,1262.736,-2.4049762962962338
SILVER,-0.5163403648146849,STOP,3,2015-02-06 12:37:00,2015-02-06 13:30:00,17.29,17.222759999999997,-2.035055200000006
GOLD,-0.37947738068994874,STOP,42,2015-02-09 15:15:00,2015-02-10 11:37:00,1242.5412999999999,1234.6641000000002,-1.559093159471794
GOLD,-0.5593304298315669,STOP,2,2015-02-11 10:10:00,2015-02-11 10:38:00,1237.0,1233.0656999999999,-2.3719872962963016
GOLD,-0.4724341803878133,STOP,4,2015-02-12 13:21:00,2015-02-12 14:26:00,1224.9236999999998,1220.3783999999998,-2.103259048650652
SILVER,-0.31174367170305095,STOP,7,2015-02-12 13:31:00,2015-02-12 15:16:00,16.9,16.75323,-1.3878710000000112
SILVER,0.5719877936064653,TARGET,46,2015-02-12 16:24:00,2015-02-13 13:47:00,16.86,17.249999999999996,2.737615384615383
GOLD,0.4435125063827082,TARGET,35,2015-02-13 01:14:00,2015-02-13 15:02:00,1224.0,1232.3999999999999,2.1227142857142716
SILVER,-0.36132495424382094,STOP,16,2015-02-16 01:00:00,2015-02-16 13:56:00,17.35,17.24274,-1.5761415555555598
GOLD,-0.4353767062002486,STOP,24,2015-02-16 02:50:00,2015-02-17 03:05:00,1232.0,1226.6721,-1.89916392682931
SILVER,-0.27909751414712825,STOP,1,2015-02-18 14:48:00,2015-02-18 15:01:00,16.56,16.383599999999998,-1.3083975000000052
GOLD,-0.3378840985294129,STOP,34,2015-02-19 01:17:00,2015-02-19 14:45:00,1215.6,1208.5901999999999,-1.6265500344827786
SILVER,-0.246970593805701,STOP,81,2015-02-18 19:31:00,2015-02-20 09:11:00,16.55,16.273709999999998,-1.188898884615389
GOLD,-0.26604455561716617,STOP,16,2015-02-23 20:25:00,2015-02-24 06:45:00,1209.5,1198.2006000000001,-1.357138673267327
SILVER,-0.2759884809922766,STOP,9,2015-02-24 00:37:00,2015-02-24 06:45:00,16.4,16.263720000000003,-1.4078643333333278
SILVER,-0.2393164407615134,STOP,2,2015-02-25 13:15:00,2015-02-25 13:57:00,16.68,16.49349,-1.2922558235294164
SILVER,-0.2696418594589871,STOP,2,2015-02-25 15:27:00,2015-02-25 15:48:00,16.56,16.443540000000002,-1.4946353999999964
GOLD,0.42010139011387343,TARGET,84,2015-02-24 23:31:00,2015-02-26 06:19:00,1202.1,1211.9999999999998,2.2684545454545355
GOLD,-0.555228058479604,STOP,2,2015-02-26 13:18:00,2015-02-26 13:50:00,1217.9,1214.8838999999998,-3.0271577222220714
SILVER,-0.34384130452116657,STOP,2,2015-02-27 21:16:00,2015-03-01 23:00:00,16.63,16.563419999999997,-1.995468400000009
GOLD,-0.3190998890197048,STOP,42,2015-03-01 23:01:00,2015-03-02 15:15:00,1214.7134999999998,1209.5892,-1.9288623227290584
SILVER,-0.21673283452455944,STOP,39,2015-03-02 00:32:00,2015-03-02 15:56:00,16.65,16.473509999999997,-1.310084437500006
GOLD,-0.29467492865153827,STOP,11,2015-03-03 09:34:00,2015-03-03 13:44:00,1209.2,1203.9948,-1.9045987000000262
GOLD,-0.3028014890585654,STOP,5,2015-03-03 14:30:00,2015-03-03 15:48:00,1209.8,1205.0937,-2.034626771428587
GOLD,-0.33328409156125594,STOP,5,2015-03-05 15:21:00,2015-03-05 17:15:00,1203.2,1199.2995,-2.3344442592592074
SILVER,-0.18623541846800462,STOP,6,2015-03-05 15:30:00,2015-03-05 18:00:00,16.35,16.17381,-1.3044613125000104
GOLD,-0.21021963093836316,STOP,5,2015-03-09 12:11:00,2015-03-09 13:41:00,1175.3742,1168.2306,-1.5880293261022504
GOLD,-0.4255643520338946,STOP,2,2015-03-10 20:30:00,2015-03-10 22:13:00,1161.5,1158.84,-3.3202266666667213
GOLD,-0.2932337153638567,STOP,7,2015-03-10 23:50:00,2015-03-11 09:26:00,1162.4,1158.84,-2.450516666666646
GOLD,-0.19422292606643649,STOP,2,2015-03-13 13:45:00,2015-03-13 14:26:00,1158.0,1151.9469,-1.7067442653061085
GOLD,0.2718095143810449,TARGET,4,2015-03-18 16:45:00,2015-03-18 18:07:00,1152.9,1166.1000000000004,2.4729545454545563
SILVER,-0.2072516429698126,STOP,19,2015-03-19 00:21:00,2015-03-19 07:24:00,15.98,15.90408,-1.7967346666666515
GOLD,-0.19943214265690268,STOP,23,2015-03-18 23:49:00,2015-03-19 08:12:00,1169.9,1163.9349,-1.728944770833293
SILVER,-0.36632219118194687,STOP,1,2015-03-20 01:41:00,2015-03-20 04:38:00,16.13,16.09389,-3.4166945000001108
SILVER,0.19195323453096697,TARGET,2,2015-03-20 08:30:00,2015-03-20 10:17:00,16.13,16.21999999999999,1.92166666666658
GOLD,0.2680954736176124,TARGET,37,2015-03-19 15:15:00,2015-03-20 13:46:00,1166.7,1180.8000000000002,2.500531914893622
SILVER,0.2937592877257627,TARGET,25,2015-03-23 12:04:00,2015-03-23 19:26:00,16.73,17.06,2.6928181818181804
GOLD,0.29225481191832875,TARGET,110,2015-03-20 13:46:00,2015-03-24 12:16:00,1176.5,1198.7000000000003,2.6790270270270313
SILVER,-0.14563848266530507,STOP,38,2015-03-23 19:17:00,2015-03-24 13:37:00,17.03,16.82316,-1.2668061052631479
GOLD,-0.2534913271496259,STOP,20,2015-03-24 16:48:00,2015-03-25 03:36:00,1190.9,1186.6122,-2.1501007096773446
GOLD,0.28513745259141693,TARGET,32,2015-03-25 12:50:00,2015-03-26 08:04:00,1198.0,1213.2999999999997,2.5271960784313645
SILVER,-0.18599116313460412,STOP,4,2015-03-26 16:45:00,2015-03-26 17:58:00,17.14,17.03295,-1.5691438888889022
GOLD,-0.1978139151122411,STOP,3,2015-03-26 17:11:00,2015-03-26 17:58:00,1208.0,1201.3973999999998,-1.66888840740741
GOLD,-0.22020323902156977,STOP,10,2015-04-01 01:00:00,2015-04-01 08:45:00,1186.5,1181.7171,-1.9864214166666965
GOLD,0.19554897424324136,TARGET,7,2015-04-06 04:06:00,2015-04-06 07:47:00,1218.0,1224.2999999999997,1.8369999999999502
GOLD,-0.20194044848697587,STOP,26,2015-04-06 12:57:00,2015-04-06 19:16:00,1220.4,1214.784,-1.8298145454545043
GOLD,-0.14147797706710652,STOP,34,2015-04-10 13:30:00,2015-04-13 08:58:00,1210.0087999999998,1197.9008999999999,-1.3306513732032914
GOLD,-0.19608799142529915,STOP,2,2015-04-15 00:28:00,2015-04-15 02:36:00,1196.0,1190.808,-1.8947020000000017
GOLD,0.24990092672738612,TARGET,18,2015-04-15 13:03:00,2015-04-15 19:22:00,1193.7,1208.4000000000003,2.509775510204091
GOLD,-0.22245098024609128,STOP,7,2015-04-16 00:04:00,2015-04-16 04:03:00,1205.0,1200.5982,-2.127311937499999
SILVER,-0.13411780023453418,STOP,33,2015-04-15 17:17:00,2015-04-16 14:30:00,16.29,16.13385,-1.3469560714285675
GOLD,-0.16246769774406067,STOP,38,2015-04-17 14:04:00,2015-04-20 10:38:00,1206.5052999999998,1199.8989,-1.6674012913251925
SILVER,-0.1506707307133477,STOP,8,2015-04-21 11:04:00,2015-04-21 13:11:00,16.05,15.954030000000001,-1.5996753749999915
SILVER,-0.13452326153351152,STOP,11,2015-04-23 17:47:00,2015-04-24 03:49:00,15.92,15.80418,-1.475441799999999
GOLD,-0.1574258308892438,STOP,40,2015-04-23 14:47:00,2015-04-24 12:34:00,1190.5,1184.4144,-1.7266355918367258
SILVER,0.1882937078320441,TARGET,6,2015-04-27 11:27:00,2015-04-27 13:10:00,15.81,15.930000000000003,2.2065000000000183
GOLD,0.14942319619937355,TARGET,11,2015-04-27 11:00:00,2015-04-27 14:02:00,1183.7,1189.4000000000003,1.7510000000000598
SILVER,0.23557524397263468,TARGET,4,2015-04-27 13:08:00,2015-04-27 14:01:00,15.89,16.16,2.643888888888888
SILVER,-0.17591085825672692,STOP,6,2015-04-27 21:03:00,2015-04-28 01:28:00,16.39,16.31367,-1.8172278333333016
SILVER,0.24557411714442628,TARGET,10,2015-04-28 09:48:00,2015-04-28 12:31:00,16.4,16.669999999999998,2.632555555555555
GOLD,0.20718275556493004,TARGET,11,2015-04-28 11:14:00,2015-04-28 14:00:00,1202.8,1212.0999999999997,2.220999999999977
GOLD,-0.3483982603700588,STOP_SAME,0,2015-04-28 20:00:00,2015-04-28 20:00:00,1213.2119999999998,1210.4883,-3.4043652777782714
SILVER,-0.11246323955559948,STOP,101,2015-04-28 12:31:00,2015-04-30 13:01:00,16.7,16.34364,-1.1453048235294083
SILVER,-0.18554164640329054,STOP,2,2015-05-06 02:06:00,2015-05-06 04:39:00,16.58,16.51347,-1.9924694000000465
SILVER,-0.1332876933224414,STOP,4,2015-05-08 13:01:00,2015-05-08 14:04:00,16.43,16.31367,-1.4907366999999925
SILVER,-0.12545174304435058,STOP,32,2015-05-08 15:46:00,2015-05-11 15:10:00,16.44,16.31367,-1.4462151818181694
SILVER,0.21783386091782767,TARGET,21,2015-05-12 15:28:00,2015-05-13 06:51:00,16.44,16.680000000000007,2.5860000000000096
GOLD,0.25487137135828103,TARGET,296,2015-05-04 09:57:00,2015-05-13 13:49:00,1183.1,1210.3999999999996,2.736978021978019
GOLD,-0.2732090608122422,STOP,5,2015-05-13 19:20:00,2015-05-13 23:46:00,1215.2,1212.0867,-2.9160982631577457
GOLD,0.1973885848952026,TARGET,21,2015-05-14 06:15:00,2015-05-14 13:59:00,1215.5,1225.1000000000001,2.2373125000000105
GOLD,-0.14754685021939276,STOP,17,2015-05-14 16:30:00,2015-05-15 01:01:00,1226.0,1218.6801,-1.6007508360655915
GOLD,-0.13811893818997573,STOP,5,2015-05-15 19:34:00,2015-05-15 21:14:00,1228.8,1220.8779,-1.5480265522387957
GOLD,-0.20417019104703069,STOP,2,2015-05-18 17:18:00,2015-05-18 18:06:00,1227.5,1223.5752,-2.3614352592592214
SILVER,-0.11773684050398561,STOP,207,2015-05-13 17:37:00,2015-05-19 14:33:00,17.25,17.03295,-1.2566647500000065
GOLD,-0.12019978502841981,STOP,37,2015-05-20 13:02:00,2015-05-21 12:46:00,1210.2,1201.797,-1.50208291666666
SILVER,-0.2771852444318394,STOP_SAME,0,2015-05-22 01:00:00,2015-05-22 01:06:00,17.16,17.12286,-3.5711430000001183
GOLD,0.14635421550581268,TARGET,12,2015-05-22 06:39:00,2015-05-22 12:15:00,1208.0,1215.5,2.0305999999999997
GOLD,-0.11969359123157246,STOP,1,2015-05-22 12:15:00,2015-05-22 12:30:00,1216.1,1208.79,-1.595883606557392
GOLD,-0.16624275885361917,STOP,7,2015-05-25 15:30:00,2015-05-26 06:16:00,1205.9,1201.8969,-2.2896060357141836
GOLD,-0.1267533779956115,STOP,38,2015-05-27 13:54:00,2015-05-28 13:38:00,1188.7875999999999,1183.3155,-1.8295090726747287
SILVER,-0.1085511515207351,STOP,31,2015-05-29 07:31:00,2015-06-01 01:24:00,16.76,16.66332,-1.6262914999999971
GOLD,-0.1246751028318906,STOP,55,2015-05-28 17:30:00,2015-06-01 10:40:00,1189.2,1183.9149,-1.867857292682879
GOLD,-0.11144348266997313,STOP,16,2015-06-02 16:18:00,2015-06-03 07:00:00,1196.0,1190.3085,-1.7950685555555346
GOLD,0.14244685001683122,TARGET,31,2015-06-08 15:45:00,2015-06-09 11:21:00,1172.5,1183.8999999999999,2.3798947368420977
GOLD,-0.18585304984274167,STOP,1,2015-06-09 13:40:00,2015-06-09 13:55:00,1180.0,1177.0218,-2.9640121111111943
GOLD,0.11590776687845208,TARGET,1,2015-06-10 12:00:00,2015-06-10 12:25:00,1186.8,1193.6999999999998,1.96499999999998
GOLD,-0.10580890702036713,STOP,28,2015-06-10 12:19:00,2015-06-11 06:11:00,1189.4,1183.3155,-1.7259623469387764
GOLD,-0.10098587099791169,STOP,36,2015-06-12 13:45:00,2015-06-15 09:51:00,1180.7,1174.5243,-1.7061848600000016
GOLD,-0.19265808579447807,STOP_SAME,0,2015-06-16 01:35:00,2015-06-16 01:41:00,1186.4,1183.7151000000001,-3.3700100666666475
SILVER,-0.08166950929919643,STOP_SAME,0,2015-06-17 14:30:00,2015-06-17 14:42:00,16.02,15.914069999999999,-1.5318230000000106
GOLD,0.08684273323398908,TARGET,6,2015-06-18 00:04:00,2015-06-18 07:38:00,1185.0,1190.3999999999999,1.6803333333332995
SILVER,-0.07085738898654602,STOP,68,2015-06-18 05:54:00,2015-06-19 15:00:00,16.17,16.02396,-1.3710304615384563
GOLD,-0.07360514549465748,STOP,82,2015-06-18 12:30:00,2015-06-22 09:34:00,1203.7024999999999,1193.0058000000001,-1.3778909023941042
SILVER,-0.08334156072498371,STOP,11,2015-06-22 09:16:00,2015-06-22 13:14:00,16.13,16.03395,-1.6026743750000119
SILVER,-0.07029285672722935,STOP,18,2015-06-22 18:33:00,2015-06-23 06:56:00,16.16,16.03395,-1.4385813636363651
SILVER,-0.07241071755040587,STOP,27,2015-06-24 15:03:00,2015-06-25 10:21:00,15.84,15.73425,-1.5258250000000073
GOLD,-0.06418725398008698,STOP,12,2015-06-26 08:51:00,2015-06-26 13:16:00,1178.5,1168.4304,-1.3951157752808885
GOLD,-0.09420470369651776,STOP,4,2015-06-29 04:48:00,2015-06-29 07:23:00,1182.6,1178.2206,-2.1063189375000584
GOLD,-0.1526331019215005,STOP,1,2015-07-01 07:00:00,2015-07-01 07:24:00,1174.4732999999999,1171.9269,-3.562805068084212
SILVER,-0.10187650335384839,STOP,5,2015-07-03 13:59:00,2015-07-05 22:04:00,15.63,15.5844,-2.560479999999913
SILVER,-0.063034948024229,STOP_SAME,0,2015-07-05 22:03:00,2015-07-05 22:04:00,15.68,15.594389999999999,-1.6697770000000054
GOLD,-0.050355001766757425,STOP,11,2015-07-05 22:00:00,2015-07-06 05:36:00,1176.0,1164.3345,-1.3338890000000063
SILVER,-0.08900830799906827,STOP,1,2015-07-08 22:03:00,2015-07-08 23:28:00,15.11,15.06492,-2.508497333333343
GOLD,-0.06086168595157414,STOP,99,2015-07-09 02:15:00,2015-07-13 07:23:00,1158.3,1152.846,-1.805847906976752
SILVER,-0.04145830661351689,STOP,94,2015-07-09 13:30:00,2015-07-13 13:20:00,15.48,15.264719999999999,-1.2301236000000018
GOLD,-0.08647109339177289,STOP,1,2015-07-15 05:23:00,2015-07-15 05:38:00,1156.1,1152.9459,-2.7315729499999857
GOLD,-0.09831644689964161,STOP,1,2015-07-17 07:28:00,2015-07-17 10:07:00,1144.0,1141.3575,-3.2852383333332846
SILVER,-0.063478384136921,STOP,3,2015-07-17 07:28:00,2015-07-17 12:22:00,14.98,14.92506,-2.1211264999999564
GOLD,-0.04587742867856902,STOP,12,2015-07-21 14:01:00,2015-07-21 17:44:00,1107.1059999999998,1101.3975,-1.7188457446808794
SILVER,-0.04642213761159356,STOP,3,2015-07-21 17:01:00,2015-07-21 17:50:00,14.83,14.75523,-1.7392538333333338
SILVER,-0.03859809866347765,STOP,13,2015-07-23 02:03:00,2015-07-23 12:46:00,14.82,14.72526,-1.5535657499999964
GOLD,-0.03938843355858414,STOP,30,2015-07-23 01:45:00,2015-07-23 17:43:00,1096.8,1090.1088,-1.585376571428594
GOLD,0.05489396982025101,TARGET,1,2015-07-24 17:47:00,2015-07-24 18:05:00,1087.2,1097.4000000000003,2.357470588235311
GOLD,-0.049429698135410795,STOP,15,2015-07-27 02:00:00,2015-07-27 11:01:00,1098.2,1093.905,-2.027220312499994
SILVER,-0.03962773788938611,STOP,13,2015-07-27 06:16:00,2015-07-27 11:17:00,14.64,14.55543,-1.6252204285714384
SILVER,-0.04245773121958314,STOP,5,2015-07-29 01:03:00,2015-07-29 07:51:00,14.68,14.61537,-1.8785074000000264
GOLD,-0.03714413347396523,STOP,32,2015-07-28 13:19:00,2015-07-29 13:31:00,1096.5955,1090.4085,-1.6434116377195682
GOLD,-0.049767902330871486,STOP,1,2015-07-30 01:03:00,2015-07-30 01:46:00,1097.0,1093.5054,-2.3687939166665726
SILVER,-0.0312451799272568,STOP,72,2015-07-29 14:15:00,2015-07-31 07:00:00,14.68,14.57541,-1.487171222222224
